"ID_Caso","Grau_escolaridade","Estuda_atualmente","Tipo_instituicao","Nome_instituicao","Retorno_estudos","Motivo_afastamento","Motivo_Afastamento_Detalhado","Situacao_trabalho","Esta_Afastado","Valor_renda","Valor_renda_esp","TR_Prejuizo_trabalho","TR_tipo_prejuizo","TR_descricao_prejuizo","PT_prejuizo_patrimonio","PT_Descricao_pp","VE_prejuizo_escolar","VE_tipo_PE","VE_descricao_pe","Demanda_educacional","Desc_demanda_educacional","Demanda_trabalhista","Desc_demanda_trabalhista","Anexos","Criado","Criado por","Modificado por"
"24",,,,,,,,,,,,,,,,,,,,"Falso",,"Falso",,"0","26/09/2025 11:16","Aplicativos STI","Aplicativos STI"
"30","Superior Incompleto","Não",,,,,,"Trabalhador/a formal",,"de 1 a 2 salários mínimos",,,,,,,,,,"Falso",,"Falso",,"0","26/09/2025 11:16","Aplicativos STI","Aplicativos STI"
"5","E. Médio Completo","Sim","Privada",,,,,"Trabalhador/a formal",,"de 1 a 2 salários mínimos",,"Não",,,"Não",,,,,"Falso",,"Falso",,"0","26/09/2025 11:16","Aplicativos STI","Aplicativos STI"
"74","E. Médio Incompleto","Não",,,,,,"Desempregado/a",,,,,,,,,,,,"Falso",,"Falso",,"0","26/09/2025 11:16","Aplicativos STI","Aplicativos STI"
"83","Superior Completo","Não",,,,,,"Servidor/a público/a","Não",,,"Não",,,"Não",,"Não",,,"Falso",,"Falso",,"0","26/09/2025 11:16","Aplicativos STI","Aplicativos STI"
"31","Superior Incompleto","Não",,,"Não",,,"Trabalhador/a formal","Não","de 1 a 2 salários mínimos",,"Sim","Afastamento do trabalho",,,,,,,"Falso",,"Falso",,"0","26/09/2025 11:16","Aplicativos STI","Gabriela Dantas Rubal"
"50","Superior Completo",,,,,,,"Trabalhador/a formal",,,,,,,,,,,,"Falso",,"Falso",,"0","26/09/2025 11:16","Aplicativos STI","Aplicativos STI"
"44","Pós graduação","Sim","Privada","IPERG",,,,"Trabalhador/a formal","Não","de 5 a 10 salários mínimos",,"Não",,,"Não",,"Não",,,"Falso",,"Falso",,"0","26/09/2025 11:16","Aplicativos STI","Aplicativos STI"
"46","Superior Completo","Não",,,,,,"Servidor/a público/a","Não","de 1 a 2 salários mínimos",,"Não",,,"Não",,"Sim","Afastamento escolar",,"Falso",,"Falso",,"0","26/09/2025 11:16","Aplicativos STI","Aplicativos STI"
"48","Superior Incompleto",,,,,,,,,,,,,,,,,,,"Falso",,"Falso",,"0","26/09/2025 11:16","Aplicativos STI","Aplicativos STI"
"36","E. Médio Completo","Não",,,,"Afastamento por Motivo Pessoal ou Profissional",,"Desempregado/a","Sim","Outro valor",,"Sim",,,"Sim",,"Não",,,"Falso",,"Falso",,"0","26/09/2025 11:16","Aplicativos STI","Aplicativos STI"
"39","Pós graduação","Sim",,,,,,"Servidor/a público/a","Não","de 5 a 10 salários mínimos",,"Sim","Outras formas de violência","Insegurança","Não",,"Sim","Afastamento escolar",,"Falso",,"Falso",,"0","26/09/2025 11:16","Aplicativos STI","Aplicativos STI"
"37","E. Médio Completo","Não",,,,,,"Aposentado/a","Não","de 2 a 5 salários mínimos",,"Sim","Redução ou perda salarial/renda","A pensão que Beatriz e a filha Livia recebem fica insuficiente para o tratamento psicológico e psiquiátrico de ambas. Os filhos quem arcam com tais despesas.","Sim","A familia tinha sociedade de uma franquia das lojas americanas","Não",,,"Falso",,"Falso",,"0","26/09/2025 11:16","Aplicativos STI","Delzira de Oliveira Baldoino"
"45","Superior Completo","Não",,,,,,"Trabalhador/a formal","Não",,,"Não",,,"Não",,"Não",,,"Falso",,"Falso",,"0","26/09/2025 11:16","Aplicativos STI","Aplicativos STI"
"38","E. Médio Incompleto","Não",,,,,,"Trabalhador/a formal","Não","de 2 a 5 salários mínimos",,"Sim","Desemprego","Não conseguiu manter no trabalho",,,,,,"Falso",,"True","Retorno ao mercado formal de trabalho","0","26/09/2025 11:16","Aplicativos STI","Aplicativos STI"
"13","E. Médio Completo","Não",,,,,,"Desempregado/a",,"de 1 a 2 salários mínimos",,"Sim",,,"Sim",,"Não",,,"Falso",,"Falso",,"0","26/09/2025 11:16","Aplicativos STI","Delzira de Oliveira Baldoino"
"14","Superior Incompleto","Sim",,,,,,"Estudante/Mestrando/Doutorando/Bolsista",,,,,,,,,,,,"Falso",,"Falso",,"0","26/09/2025 11:16","Aplicativos STI","Aplicativos STI"
"42","E. Médio Completo",,,,,,,,,,,,,,,,,,,"Falso",,"Falso",,"0","26/09/2025 11:16","Aplicativos STI","Aplicativos STI"
"3","Pós graduação","Não",,,,,,,,,,"Sim","Outras formas de violência","Vítima tem se sentido exposta perante a equipe de trabalho,  mediante veiculação midiática do fato. Também teve que se ausentar do trabalho por duas semanas em razão do impacto emocional do ocorrido. ","Sim","Agressor fez transações bancárias pelo celular da vítima no valor de  R$ 4394,63.",,,,"Falso",,"Falso",,"0","26/09/2025 11:16","Aplicativos STI","Aplicativos STI"
"12","E. Médio Incompleto","Não",,,,,,"Desempregado/a",,,,,,,,,,,,"Falso",,"Falso",,"0","26/09/2025 11:16","Aplicativos STI","Aplicativos STI"
"22",,"Não",,,,,,"Aposentado/a",,,,"Não",,,"Não",,"Não",,,"Falso",,"Falso",,"0","26/09/2025 11:16","Aplicativos STI","Aplicativos STI"
"8","E. Médio Completo","Não",,,,,,"Desempregado/a",,,,"Não",,,"Não",,"Não",,,"Falso",,"Falso",,"0","26/09/2025 11:16","Aplicativos STI","Aplicativos STI"
"32","E. Médio Incompleto","Não",,,,,,"Aposentado/a",,"de 1 a 2 salários mínimos",,,,,,,,,,"Falso",,"Falso",,"0","26/09/2025 11:16","Aplicativos STI","Aplicativos STI"
"25",,,,,,,,,,,,,,,,,,,,"Falso",,"Falso",,"0","26/09/2025 11:16","Aplicativos STI","Aplicativos STI"
"23","Superior Incompleto","Não",,,,,,"Trabalhador/a informal","Não","Menos de um salário mínimo",,,,,"Sim","Impossibilidade de seguir na casa alugada","Não",,,"Falso",,"Falso",,"0","26/09/2025 11:16","Aplicativos STI","Aplicativos STI"
"21","Pós graduação","Sim","Privada",,,,,"Servidor/a público/a","Não",,,"Sim","Afastamento do trabalho","O assédio sexual ocorreu no local de trabalho","Sim","vários dívidas contríadas por constituição de advogados e compra de medicações.","Sim",,"dificuldade na escrita do trabalho da especialização","Falso",,"Falso",,"0","26/09/2025 11:16","Aplicativos STI","Delzira de Oliveira Baldoino"
"1",,,,,,,,,,,,"Sim","Afastamento do trabalho","Inicialmente, foi realocada para a modalidade do teletrabalho e, posteriormente, pediu demissão. ",,,,,,"Falso",,"Falso",,"0","26/09/2025 11:16","Aplicativos STI","Aplicativos STI"
"80","E. Fund. Completo",,,,,,,"Desempregado/a",,"de 2 a 5 salários mínimos",,,,,,,,,,"Falso",,"True","Está procurando emprego","0","26/09/2025 11:16","Aplicativos STI","Aplicativos STI"
"2","Superior Completo","Sim","Privada","Cesumar",,,,"Trabalhador/a formal","Não","de 1 a 2 salários mínimos",,"Não",,"Inicialmente foi realocada para o teletrabalho e, posteriormente, pediu demissão como consequência do ocorrido. ","Não",,"Não",,,"Falso",,"Falso",,"0","26/09/2025 11:16","Aplicativos STI","Aplicativos STI"
"6","E. Fund. Completo","Não",,,,,,"Desempregado/a",,,,"Sim","Afastamento do trabalho","patrôes dela a demitiram após vitimização","Sim","perda de renda e pagamento de fiança e multa para saída de filho da cadeia e conserto de carro da PM que ele quebrou ao saber que irmã tinha sido assassinada",,,,"Falso",,"True","A baixa escolaridade e atual desemprego resulta em vulnerabilidades profissionais e financeiras ","0","26/09/2025 11:16","Aplicativos STI","Aplicativos STI"
"29","E. Médio Incompleto","Não",,,,,,"Servidor/a público/a","Não","de 1 a 2 salários mínimos",,,,,,,,,,"Falso",,"Falso",,"0","26/09/2025 11:16","Aplicativos STI","Aplicativos STI"
"133","E. Médio Incompleto",,,,,,,,,,,,,,,,,,,"Falso",,"Falso",,"0","26/09/2025 11:16","Aplicativos STI","Aplicativos STI"
"4","E. Médio Incompleto","Não",,,,,,"Desempregado/a","Não",,,"Não",,,"Não",,"Não",,,"Falso",,"Falso",,"0","26/09/2025 11:16","Aplicativos STI","Aplicativos STI"
"19","E. Fund. Completo","Não",,,,,,"Inativo/a",,"de 2 a 5 salários mínimos",,,,,,,,,,"Falso",,"Falso",,"0","26/09/2025 11:16","Aplicativos STI","Aplicativos STI"
"17","Curso profissionalizante ou treinamento","Não",,,,,,"Trabalhador/a formal","Não",,,,,,,,,,,"Falso",,"Falso",,"0","26/09/2025 11:16","Aplicativos STI","Aplicativos STI"
"35","E. Médio Completo","Sim",,,,,,"Desempregado/a",,"de 1 a 2 salários mínimos",,"Sim","Desemprego",,"Sim",,,,,"Falso",,"Falso",,"0","26/09/2025 11:16","Aplicativos STI","Juliana Marques Resende"
"9","E. Médio Completo","Não",,,,,,"Trabalhador/a formal",,"de 1 a 2 salários mínimos",,,,,,,,,,"Falso",,"Falso",,"0","26/09/2025 11:16","Aplicativos STI","Aplicativos STI"
"34","Superior Incompleto","Não",,,,,,"Desempregado/a",,,,,,,,,,,,"Falso",,"True","Buscando emprego","0","26/09/2025 11:16","Aplicativos STI","Aplicativos STI"
"20","E. Médio Incompleto","Não",,,,,,"Trabalhador/a informal","Não","de 2 a 5 salários mínimos",,,,,,,,,,"Falso",,"Falso",,"0","26/09/2025 11:16","Aplicativos STI","Aplicativos STI"
"7","E. Médio Completo","Não",,,,,,"Inativo/a",,,,,,,,,,,,"Falso",,"Falso",,"0","26/09/2025 11:16","Aplicativos STI","Aplicativos STI"
"15","E. Médio Completo","Não",,,,,,"Trabalhador/a formal",,,,,,,,,,,,"Falso",,"Falso",,"0","26/09/2025 11:16","Aplicativos STI","Aplicativos STI"
"16",,,,,,,,,,,,,,,,,,,,"Falso",,"Falso",,"0","26/09/2025 11:16","Aplicativos STI","Aplicativos STI"
"18","E. Médio Completo","Não",,,,,,"Trabalhador/a formal","Não",,,,,,,,,,,"Falso",,"Falso",,"0","26/09/2025 11:16","Aplicativos STI","Aplicativos STI"
"10","E. Médio Completo","Não",,,,,,"Trabalhador/a formal",,"de 1 a 2 salários mínimos",,,,,,,,,,"Falso",,"Falso",,"0","26/09/2025 11:16","Aplicativos STI","Aplicativos STI"
"26","E. Médio Incompleto","Não",,,,,,"Aposentado/a",,"de 2 a 5 salários mínimos",,,,,,,,,,"Falso",,"Falso",,"0","26/09/2025 11:16","Aplicativos STI","Aplicativos STI"
"43","E. Médio Completo","Não",,,,,,,,,,,,,,,,,,"Falso",,"Falso",,"0","26/09/2025 11:17","Aplicativos STI","Aplicativos STI"
"255","Superior Completo",,,,,"Outro","Para cuidar do filho que foi vítima de violência pelo ex-companheiro","Desempregado/a","Sim",,,"Não",,,"Sim","Assistência médica ao filho que foi vítima da agressão física e desligamento do trabalho","Não",,,"Falso",,"Falso",,"0","26/09/2025 11:17","Aplicativos STI","Aplicativos STI"
"93","E. Médio Incompleto","Não",,,,,,"Trabalhador/a formal",,"Menos de um salário mínimo",,"Não",,,,,,,,"Falso",,"Falso",,"0","26/09/2025 11:17","Aplicativos STI","Aplicativos STI"
"143","E. Médio Completo","Não",,,,,,"Trabalhador/a formal","Não","de 1 a 2 salários mínimos",,"Sim","Afastamento do trabalho",,"Sim","Precisou mudar de residência para reduzir impactos mediante exposição dos filhos","Sim","Afastamento escolar","Os filhos precisaram mudar de escola até que a vaga fosse liberada em outro local","Falso",,"Falso",,"0","26/09/2025 11:17","Aplicativos STI","Aplicativos STI"
"88","Superior Completo","Não",,,,,,"Trabalhador/a formal",,"Acima de 10 salaríos mínimos",,"Não",,,,,,,,"Falso",,"Falso",,"0","26/09/2025 11:17","Aplicativos STI","Aplicativos STI"
"85","Superior Completo","Sim","Pública","UEMG - curso de teatro",,,,"Desempregado/a",,,,"Sim","Desemprego","Sem renda atualmente e foi morar com mãe. Aguarda seleção de um projeto de start up no qual ela foi selecionada","Sim","perda do trabalho","Não",,,"Falso",,"Falso",,"0","26/09/2025 11:17","Aplicativos STI","Aplicativos STI"
"138","E. Médio Completo","Sim",,,,,,,,,,,,,,,,,,"Falso",,"Falso",,"0","26/09/2025 11:17","Aplicativos STI","Aplicativos STI"
"89",,,,,,,,,,"de 2 a 5 salários mínimos",,,,,,,,,,"Falso",,"Falso",,"0","26/09/2025 11:17","Aplicativos STI","Aplicativos STI"
"57","E. Médio Incompleto",,,,,,,,,,,,,,,,,,,"Falso",,"Falso",,"0","26/09/2025 11:17","Aplicativos STI","Aplicativos STI"
"169","Superior Incompleto",,,,,,,,,,,,,,,,,,,"Falso",,"Falso",,"0","26/09/2025 11:17","Aplicativos STI","Aplicativos STI"
"146",,,,,,,,"Trabalhador/a formal",,,,,,,,,,,,"Falso",,"Falso",,"0","26/09/2025 11:17","Aplicativos STI","Aplicativos STI"
"139","E. Médio Incompleto","Sim",,,,,,"Estudante/Mestrando/Doutorando/Bolsista",,,,,,,,,,,,"Falso",,"Falso",,"0","26/09/2025 11:17","Aplicativos STI","Aplicativos STI"
"113","E. Médio Completo",,,,,,,"Desempregado/a",,,,"Sim","Desemprego",,"Sim","Sim, gastos com os danos físicos sofridos","Não",,,"Falso",,"Falso",,"0","26/09/2025 11:18","Aplicativos STI","Aplicativos STI"
"135","E. Médio Completo","Não",,,,,,"Trabalhador/a formal",,"de 1 a 2 salários mínimos",,,,,,,,,,"Falso",,"Falso",,"0","26/09/2025 11:18","Aplicativos STI","Aplicativos STI"
"107","E. Fund. Completo","Não",,,,,,,"Sim",,,"Sim",,,,,,,,"Falso",,"Falso",,"0","26/09/2025 11:18","Aplicativos STI","Aplicativos STI"
"288","Superior Incompleto","Sim","Pública","Universidade Federal de Minas Gerais",,,,,,,,,,,,,"Sim","Afastamento escolar","Vítima tem evitado ir a faculdade para não encontrar o agressor. ","Falso",,"Falso",,"0","26/09/2025 11:18","Aplicativos STI","Aplicativos STI"
"213",,"Não",,,,,,,,,,"Sim","Desemprego","Perda do emprego",,,,,,"Falso",,"Falso",,"0","26/09/2025 11:18","Aplicativos STI","Aplicativos STI"
"156",,"Não",,,,,,"Aposentado/a","Não",,,"Sim","Redução ou perda salarial/renda","Quem era a principal provedora do lar era a filha, vítima do feminicídio. ",,,,,,"Falso",,"Falso",,"0","26/09/2025 11:18","Aplicativos STI","Gabriela Dantas Rubal"
"91","Superior Completo",,,,,,,,,,,"Sim","Outras formas de violência","Vítima é motorista de van e teve que mudar a sua rota em razão dos agressores. ",,,,,,"Falso",,"Falso",,"0","26/09/2025 11:18","Aplicativos STI","Aplicativos STI"
"61","Superior Completo","Não",,,,,,"Aposentado/a","Não","Acima de 10 salaríos mínimos",,"Não",,,"Não",,"Não",,,"Falso",,"Falso",,"0","26/09/2025 11:18","Aplicativos STI","Aplicativos STI"
"292","E. Fund. Completo","Não",,,,,,"Trabalhador/a informal",,"de 1 a 2 salários mínimos",,"Sim","Desemprego","Teve que parar de trabalhar como manicure em Manaus",,,,,,"Falso",,"Falso",,"0","26/09/2025 11:18","Aplicativos STI","Aplicativos STI"
"98","Superior Incompleto","Sim",,,,,,"Trabalhador/a informal",,"de 2 a 5 salários mínimos",,"Sim",,,,,,,,"Falso",,"Falso",,"0","26/09/2025 11:18","Aplicativos STI","Aplicativos STI"
"73","E. Fund. Completo",,,,,,,"Desempregado/a",,,,,,,,,,,,"Falso",,"Falso",,"0","26/09/2025 11:18","Aplicativos STI","Aplicativos STI"
"64","E. Médio Completo","Não",,,,,,"Inativo/a",,,,"Não",,,"Não",,"Não",,,"Falso",,"Falso",,"0","26/09/2025 11:18","Aplicativos STI","Aplicativos STI"
"79","Superior Completo",,,,,,,,,,,"Sim","Afastamento do trabalho","Relata que não está conseguindo trabalhar desde a violência sofrida. ",,,,,,"Falso",,"Falso",,"0","26/09/2025 11:18","Aplicativos STI","Aplicativos STI"
"68","Superior Completo","Não",,,,,,"Trabalhador/a formal","Não","de 2 a 5 salários mínimos",,,,,,,,,,"Falso",,"Falso",,"0","26/09/2025 11:18","Aplicativos STI","Aplicativos STI"
"78","Superior Incompleto","Sim","Privada",,,,,"Estudante/Mestrando/Doutorando/Bolsista","Não","de 1 a 2 salários mínimos",,"Sim","Redução ou perda salarial/renda","Em razão do medo após sofre a violência, a vítima passou a se locomover de uber para o trabalho e teve que instalar câmeras de segurança na sua residência. ","Sim","Vítima teve que consertar o portão de sua residência, que foi destruído pelos agressores. ","Não",,,"Falso",,"Falso",,"0","26/09/2025 11:18","Aplicativos STI","Aplicativos STI"
"297","Superior Completo","Não",,,,,,"Trabalhador/a formal","Não","de 1 a 2 salários mínimos",,"Sim","Redução ou perda salarial/renda",,"Sim",,,,,"Falso",,"True","Procura oportunidades de trabalho na área da arquitetura, visto que se formo no curso mas atualmente só encontrou trabalho como auxiliar de limpeza.","0","26/09/2025 11:18","Aplicativos STI","Aplicativos STI"
"67","E. Médio Incompleto","Não",,,,,,"Desempregado/a",,"Menos de um salário mínimo",,"Não",,,"Não",,"Não",,,"Falso",,"Falso",,"0","26/09/2025 11:18","Aplicativos STI","Aplicativos STI"
"66","E. Fund. Completo","Não",,,,,,"Trabalhador/a formal",,"de 1 a 2 salários mínimos",,,,,,,,,,"True","Quer fazer curso profissionalizante. ","Falso",,"0","26/09/2025 11:18","Aplicativos STI","Aplicativos STI"
"84","Superior Incompleto",,,,,,,,,,,,,,,,,,,"Falso",,"Falso",,"0","26/09/2025 11:18","Aplicativos STI","Aplicativos STI"
"148","Superior Completo",,,,,,,,,,,"Não",,,,,,,,"Falso",,"Falso",,"0","26/09/2025 11:18","Aplicativos STI","Aplicativos STI"
"52","Curso profissionalizante ou treinamento","Não",,,,,,"Servidor/a público/a","Não","de 2 a 5 salários mínimos",,"Sim","Afastamento do trabalho",,"Sim",,,,,"Falso",,"Falso",,"0","26/09/2025 11:18","Aplicativos STI","Juliana Marques Resende"
"117","E. Médio Incompleto","Sim","Privada",,,,,"Estudante/Mestrando/Doutorando/Bolsista",,"de 5 a 10 salários mínimos",,"Sim","Outras formas de violência","Teve que mudar de escola porque o acusado  é professor e não foi afastado",,,,,,"Falso",,"Falso",,"0","26/09/2025 11:18","Aplicativos STI","Aplicativos STI"
"53","Superior Incompleto","Sim","Privada",,,,,,,,,,,,,,,,,"Falso",,"Falso",,"0","26/09/2025 11:18","Aplicativos STI","Aplicativos STI"
"125",,,,,,"Outro","Homofobia",,"Sim",,,"Sim","Desemprego","Pediu demissão e ficou temporariamente sem renda em decorrência do crime",,,,,,"Falso",,"Falso",,"0","26/09/2025 11:18","Aplicativos STI","Gabriela Dantas Rubal"
"114","Superior Completo","Sim",,,,,,"Servidor/a público/a","Não",,,"Não",,,,,,,,"Falso",,"Falso",,"0","26/09/2025 11:18","Aplicativos STI","Aplicativos STI"
"87","Superior Incompleto","Sim",,,,,,"Trabalhador/a formal",,"Acima de 10 salaríos mínimos",,"Não",,,,,"Não",,,"Falso",,"Falso",,"0","26/09/2025 11:18","Aplicativos STI","Aplicativos STI"
"58","E. Médio Completo","Não",,,,,,"Trabalhador/a formal",,"de 1 a 2 salários mínimos",,,,,,,,,,"Falso",,"True","Família quer se mudar, mas não tem renda suficiente.","0","26/09/2025 11:18","Aplicativos STI","Aplicativos STI"
"128","E. Médio Completo","Sim","Privada",,,,,,"Não","de 5 a 10 salários mínimos",,"Sim","Afastamento do trabalho","Não tem conseguido ir as aulas",,,,,,"Falso",,"Falso",,"0","26/09/2025 11:19","Aplicativos STI","Aplicativos STI"
"86","E. Fund. Incompleto","Sim","Pública",,,,,"Estudante/Mestrando/Doutorando/Bolsista",,,,,,,"Sim",,"Sim","Evasão escolar",,"Falso",,"Falso",,"0","26/09/2025 11:19","Aplicativos STI","Aplicativos STI"
"129","E. Médio Incompleto","Sim","Pública",,,,,"Estudante/Mestrando/Doutorando/Bolsista",,,,,,,,,,,,"Falso",,"Falso",,"0","26/09/2025 11:19","Aplicativos STI","Aplicativos STI"
"164","E. Médio Incompleto","Não",,,,,,"Desempregado/a",,,,"Não",,,,,,,,"Falso",,"Falso",,"0","26/09/2025 11:19","Aplicativos STI","Aplicativos STI"
"109","Superior Incompleto",,,,,,,,,"Menos de um salário mínimo",,"Sim","Outras formas de violência","ficou sem atividade por um tempo devido estado de saude","Sim","remédios e tratamentos médicos","Não",,,"Falso",,"Falso",,"0","26/09/2025 11:19","Aplicativos STI","Aplicativos STI"
"134","E. Fund. Completo","Não",,,,,,"Trabalhador/a informal","Não",,,"Não",,,"Não",,"Não",,,"Falso",,"Falso",,"0","26/09/2025 11:19","Aplicativos STI","Aplicativos STI"
"144",,,,,,,,"Trabalhador/a informal",,,,,,,,,,,,"Falso",,"Falso",,"0","26/09/2025 11:19","Aplicativos STI","Aplicativos STI"
"112","E. Fund. Completo",,,,,,,"Aposentado/a",,"de 1 a 2 salários mínimos",,,,,,,,,,"Falso",,"Falso",,"0","26/09/2025 11:19","Aplicativos STI","Aplicativos STI"
"103","E. Médio Completo","Não",,,,"Afastamento Médico",,,"Sim","de 1 a 2 salários mínimos",,"Sim","Afastamento do trabalho","Não consegue retornar ao trabalho devido ao quadro depressivo",,,,,,"Falso",,"Falso",,"0","26/09/2025 11:19","Aplicativos STI","Aplicativos STI"
"102","Curso profissionalizante ou treinamento","Não",,,,,,"Trabalhador/a informal",,"de 1 a 2 salários mínimos",,"Sim",,"Após o falecimento da sobrinha, passou sustentar os sobrinhos que ficaram órfãos.",,,,,,"Falso",,"Falso",,"0","26/09/2025 11:19","Aplicativos STI","Aplicativos STI"
"140","E. Médio Completo",,,,,,,"Trabalhador/a formal",,"de 1 a 2 salários mínimos",,"Sim",,,,,,,,"Falso",,"Falso",,"0","26/09/2025 11:19","Aplicativos STI","Aplicativos STI"
"76",,,,,,,,"Desempregado/a",,,,,,,,,,,,"Falso",,"Falso",,"0","26/09/2025 11:19","Aplicativos STI","Aplicativos STI"
"277","Superior Incompleto","Sim","Privada",,,,,"Trabalhador/a formal",,,,,,,,,,,,"Falso",,"Falso",,"0","26/09/2025 11:19","Aplicativos STI","Aplicativos STI"
"104","E. Médio Incompleto","Não",,,,,,"Trabalhador/a informal",,,,"Sim",,,,,,,,"Falso",,"Falso",,"0","26/09/2025 11:19","Aplicativos STI","Aplicativos STI"
"118","Superior Completo","Não",,,,,,"Trabalhador/a formal",,"de 1 a 2 salários mínimos",,"Não",,,,,,,,"Falso",,"Falso",,"0","26/09/2025 11:19","Aplicativos STI","Aplicativos STI"
"237","Superior Completo","Não",,,,,,"Trabalhador/a formal",,,,"Sim",,,,,"Não",,,"Falso",,"Falso",,"0","26/09/2025 11:19","Aplicativos STI","Aplicativos STI"
"70",,,,,,,,"Aposentado/a",,,,"Não",,,"Não",,"Não",,,"Falso",,"Falso",,"0","26/09/2025 11:19","Aplicativos STI","Aplicativos STI"
"190","Superior Completo","Não",,,,,,"Desempregado/a",,"de 1 a 2 salários mínimos",,"Não",,,,,,,,"Falso",,"Falso",,"0","26/09/2025 11:19","Aplicativos STI","Aplicativos STI"
"82",,,,,,,,,,"de 1 a 2 salários mínimos",,,,,,,,,,"Falso",,"Falso",,"0","26/09/2025 11:19","Aplicativos STI","Aplicativos STI"
"315","E. Fund. Incompleto","Sim",,,,,,"Estudante/Mestrando/Doutorando/Bolsista","Não",,,"Não",,,"Não",,"Sim","Afastamento escolar","faltas contínuas","Falso",,"Falso",,"0","26/09/2025 11:19","Aplicativos STI","Aplicativos STI"
"176","Pós graduação",,,,,,,,,"de 1 a 2 salários mínimos",,,,,,,"Sim",,,"Falso",,"Falso",,"0","26/09/2025 11:19","Aplicativos STI","Aplicativos STI"
"279",,"Não",,,,,,"Trabalhador/a formal",,,,"Não","Desemprego",,,,,,,"Falso",,"Falso",,"0","26/09/2025 11:19","Aplicativos STI","Aplicativos STI"
"151","E. Médio Incompleto",,,,,,,,,,,,,,,,,,,"Falso",,"Falso",,"0","26/09/2025 11:19","Aplicativos STI","Aplicativos STI"
"132","Superior Incompleto",,,,,,,,,"de 2 a 5 salários mínimos",,"Sim",,,,,,,,"Falso",,"Falso",,"0","26/09/2025 11:20","Aplicativos STI","Aplicativos STI"
"236","E. Médio Completo","Não",,,,,,"Trabalhador/a formal",,,,,,,,,,,,"Falso",,"Falso",,"0","26/09/2025 11:20","Aplicativos STI","Aplicativos STI"
"290","E. Médio Incompleto",,,,,,,"Trabalhador/a formal",,,,,,,,,,,,"Falso",,"Falso",,"0","26/09/2025 11:20","Aplicativos STI","Aplicativos STI"
"251","E. Médio Completo","Não",,,,,,,"Não","de 2 a 5 salários mínimos",,"Sim","Afastamento do trabalho","A filha, que foi a vítima direta, teve que sair do trabalho.","Sim",,,,,"Falso",,"Falso",,"0","26/09/2025 11:20","Aplicativos STI","Juliana Marques Resende"
"160","E. Fund. Incompleto","Sim",,,,,,"Estudante/Mestrando/Doutorando/Bolsista",,,,,,,,,,,,"Falso",,"Falso",,"0","26/09/2025 11:20","Aplicativos STI","Aplicativos STI"
"145",,,,,,,,"Estudante/Mestrando/Doutorando/Bolsista","Não",,,,,,,,,,,"Falso",,"Falso",,"0","26/09/2025 11:20","Aplicativos STI","Aplicativos STI"
"264","Superior Incompleto","Não",,,,,,,,,,"Sim",,"relata que houve prejuízo no desenvolvimento profissional visto que ficou estigmatizado no campo do trabalho",,,"Não",,,"Falso",,"Falso",,"0","26/09/2025 11:20","Aplicativos STI","Aplicativos STI"
"301","Pós graduação",,"Privada",,,,,,,,,,"Outras formas de violência",,,,,,,"Falso",,"Falso",,"0","26/09/2025 11:20","Aplicativos STI","Aplicativos STI"
"184","Superior Completo","Não",,,,,,"Trabalhador/a formal","Não",,,"Não",,,,,"Não",,,"Falso",,"Falso",,"0","26/09/2025 11:20","Aplicativos STI","Aplicativos STI"
"298",,"Sim",,,,,,"Trabalhador/a informal",,,,,,,,,,,,"Falso",,"Falso",,"0","26/09/2025 11:20","Aplicativos STI","Aplicativos STI"
"172","E. Médio Completo","Não",,,,,,,,,,"Não",,,,,"Sim",,,"Falso",,"Falso",,"0","26/09/2025 11:20","Aplicativos STI","Aplicativos STI"
"222","E. Fund. Completo","Não",,,,"Outro",,"Trabalhador/a informal","Sim","Menos de um salário mínimo",,"Sim","Desemprego"," Sem emprego formal, realizado bicos e prostituição para pagamento de dívidas","Sim",,"Não",,,"Falso",,"Falso",,"0","26/09/2025 11:20","Aplicativos STI","Aplicativos STI"
"252",,,,,,,,,,,,,,,,,,,,"Falso",,"Falso",,"0","26/09/2025 11:20","Aplicativos STI","Aplicativos STI"
"309","E. Médio Completo",,,,,,,,,,,,,,,,,,,"Falso",,"Falso",,"0","26/09/2025 11:21","Aplicativos STI","Aplicativos STI"
"141","E. Médio Completo",,,,,,,"Trabalhador/a formal",,,,,,,,,,,,"Falso",,"Falso",,"0","26/09/2025 11:21","Aplicativos STI","Aplicativos STI"
"241","Superior Incompleto","Sim","Pública",,,,,"Desempregado/a",,"de 1 a 2 salários mínimos",,"Não",,,"Não",,"Sim","Afastamento escolar",,"Falso",,"Falso",,"0","26/09/2025 11:21","Aplicativos STI","Aplicativos STI"
"291",,"Não",,,,,,,,,,"Sim","Discriminação ou bullyng","discriminação pelos colegas de trabalho","Sim","pagamento com advogado","Não",,,"Falso",,"Falso",,"0","26/09/2025 11:21","Aplicativos STI","Aplicativos STI"
"131","E. Médio Completo","Não",,,,,,"Desempregado/a","Sim","Menos de um salário mínimo",,"Sim",,,,,,,,"Falso",,"Falso",,"0","26/09/2025 15:16","Aplicativos STI","Aplicativos STI"
"332","Superior Completo","Sim","Privada",,,,,"Trabalhador/a formal","Não","de 2 a 5 salários mínimos",,,,,,,,,,"Falso",,"Falso",,"0","29/09/2025 10:34","Aplicativos STI","Aplicativos STI"
"341","Superior Completo","Não",,,,"Outro","Não consegue mais dar aulas em razão de outra vitimização recente","Desempregado/a","Sim",,,"Sim","Desemprego","Vítima sofreu outro episódio de vitimização e não consegue mais trabalhar dando aulas","Não",,"Não",,,"Falso",,"Falso",,"0","29/09/2025 10:34","Aplicativos STI","Aplicativos STI"
"167",,"Não",,,,,,"Desempregado/a",,"de 1 a 2 salários mínimos",,"Não",,,,,"Sim",,,"Falso",,"Falso",,"0","29/09/2025 10:34","Aplicativos STI","Aplicativos STI"
"344","Superior Completo","Não",,,"Não",,,"Trabalhador/a formal","Não","de 2 a 5 salários mínimos",,,,,,,,,,"Falso",,"Falso",,"0","29/09/2025 10:34","Aplicativos STI","Juliana Marques Resende"
"367","Superior Incompleto","Sim","Privada",,,,,"Estudante/Mestrando/Doutorando/Bolsista","Não","de 1 a 2 salários mínimos",,"Sim","Redução ou perda salarial/renda","Em razão do medo após sofre a violência, a vítima passou a se locomover de uber para o trabalho e teve que instalar câmeras de segurança na sua residência. ","Sim","Vítima teve que consertar o portão de sua residência, que foi destruído pelos agressores. ","Não",,,"Falso",,"Falso",,"0","29/09/2025 10:34","Aplicativos STI","Aplicativos STI"
"217",,"Não",,,,,,,"Não",,,"Não",,,,,,,,"Falso",,"Falso",,"0","29/09/2025 10:35","Aplicativos STI","Aplicativos STI"
"339","E. Fund. Incompleto","Não",,,,,,,,,,,,,,,,,,"Falso",,"Falso",,"0","29/09/2025 10:35","Aplicativos STI","Gabriela Dantas Rubal"
"343","Superior Incompleto","Sim","Pública","UFMG",,,,"Trabalhador/a formal","Não",,,"Não",,,"Sim",,"Não",,,"Falso",,"Falso",,"0","29/09/2025 10:35","Aplicativos STI","Aplicativos STI"
"334","Superior Incompleto","Sim","Privada","PUC ",,"Outro",,"Estudante/Mestrando/Doutorando/Bolsista","Não","de 1 a 2 salários mínimos",,"Sim","Desemprego","Perdeu o pequeno negócio de agricultura familiar, o contrato com um restaurante e os cursos que lecionava em Brumadinho","Sim","Perdeu a casa que morava, a sua fonte de renda e teve que mudar de cidade ",,,,"Falso",,"Falso",,"0","29/09/2025 10:35","Aplicativos STI","Aplicativos STI"
"336","Curso profissionalizante ou treinamento","Não",,,,"Outro","Afastada do trabalho em razão do fato vitimizante","Trabalhador/a informal","Sim","de 1 a 2 salários mínimos",,"Sim","Afastamento do trabalho","Teve que fechar sua loja em Esmeraldas, em que ganhava 1000 reais por mês","Sim","Diminuição da renda da família ","Não",,,"Falso",,"Falso",,"0","29/09/2025 10:35","Aplicativos STI","Aplicativos STI"
"328",,,,,,"Outro","Precisa cuidar da filha, de 10 meses","Desempregado/a","Sim",,,"Sim","Desemprego",,,,,,,"Falso",,"Falso",,"0","29/09/2025 10:36","Aplicativos STI","Aplicativos STI"
"358",,,,,,,,,,,,"Sim","Desemprego","Saiu do emprego em Portugal e veio para o Brasil. A renda que recebe é proveniente dos seus aluguéis e está aguardando a aposentadoria sair. ",,,,,,"Falso",,"Falso",,"0","29/09/2025 10:36","Aplicativos STI","Aplicativos STI"
"335","E. Médio Incompleto","Não",,,,"Outro","adoecimento após vitimização","Desempregado/a","Sim","de 1 a 2 salários mínimos",,"Sim","Desemprego","parou de trabalhar","Sim","parou de trabalhar como autônoma (cozinheira), pois adoeceu","Não",,,"Falso",,"Falso",,"0","29/09/2025 10:36","Aplicativos STI","Aplicativos STI"
"340","E. Médio Completo","Não",,,,,,"Trabalhador/a formal",,,,"Sim",,"Dificuldades na relação com o empregador",,,,,,"Falso",,"Falso",,"0","29/09/2025 10:36","Aplicativos STI","Aplicativos STI"
"186",,,,,,,,,,,,,,,,,,,,"Falso",,"Falso",,"0","29/09/2025 11:23","Aplicativos STI","Aplicativos STI"
"155",,,,,,,,,,,,,,,,,,,,"Falso",,"Falso",,"0","29/09/2025 11:23","Aplicativos STI","Aplicativos STI"
"191",,,,,,,,,,,,,,,,,,,,"Falso",,"Falso",,"0","29/09/2025 11:23","Aplicativos STI","Aplicativos STI"
"181",,,,,,,,,,,,,,,,,,,,"Falso",,"Falso",,"0","29/09/2025 11:23","Aplicativos STI","Aplicativos STI"
"150","E. Médio Completo","Não",,,,,,"Trabalhador/a formal",,"de 1 a 2 salários mínimos",,,,,,,,,,"Falso",,"Falso",,"0","29/09/2025 11:23","Aplicativos STI","Aplicativos STI"
"147","E. Fund. Completo","Não",,,,,,,,,,,,,,,,,,"Falso",,"Falso",,"0","29/09/2025 11:23","Aplicativos STI","Aplicativos STI"
"192",,,,,,,,,,,,,,,,,,,,"Falso",,"Falso",,"0","29/09/2025 11:23","Aplicativos STI","Aplicativos STI"
"183",,,,,,,,,,,,,,,,,,,,"Falso",,"Falso",,"0","29/09/2025 11:23","Aplicativos STI","Aplicativos STI"
"106",,,,,,,,,,,,,,,,,,,,"Falso",,"Falso",,"0","29/09/2025 11:23","Aplicativos STI","Aplicativos STI"
"206","E. Médio Incompleto",,,,,,,"Desempregado/a",,,,,,,,,,,,"Falso",,"Falso",,"0","29/09/2025 11:23","Aplicativos STI","Alessandra Quezia Dornelas Santos"
"94",,,,,,,,,,,,,,,,,,,,"Falso",,"Falso",,"0","29/09/2025 11:23","Aplicativos STI","Aplicativos STI"
"249",,,,,,,,,,,,,,,,,,,,"Falso",,"Falso",,"0","29/09/2025 11:23","Aplicativos STI","Aplicativos STI"
"245",,,,,,,,,,,,,,,,,,,,"Falso",,"Falso",,"0","29/09/2025 11:23","Aplicativos STI","Aplicativos STI"
"256",,,,,,,,,,,,,,,,,,,,"Falso",,"Falso",,"0","29/09/2025 11:23","Aplicativos STI","Aplicativos STI"
"226",,,,,,,,,,,,,,,,,,,,"Falso",,"Falso",,"0","29/09/2025 11:23","Aplicativos STI","Aplicativos STI"
"221","Superior Completo","Não",,,,,,"Servidor/a público/a",,,,"Não",,,,,,,,"Falso",,"Falso",,"0","29/09/2025 11:23","Aplicativos STI","Aplicativos STI"
"211",,,,,,,,,,,,,,,,,,,,"Falso",,"Falso",,"0","29/09/2025 11:23","Aplicativos STI","Aplicativos STI"
"247",,,,,,,,,,,,,,,,,,,,"Falso",,"Falso",,"0","29/09/2025 11:23","Aplicativos STI","Aplicativos STI"
"320","E. Médio Completo","Não",,,"Não",,,"Desempregado/a","Sim","de 1 a 2 salários mínimos",,"Sim","Desemprego",,"Sim",,"Não",,,"Falso",,"True","Novo trabalho","0","29/09/2025 11:23","Aplicativos STI","Juliana Marques Resende"
"295","Superior Incompleto","Não",,,,,,"Aposentado/a",,"Menos de um salário mínimo",,,,,,,,,,"Falso",,"Falso",,"0","29/09/2025 11:23","Aplicativos STI","Juliana Marques Resende"
"193",,,,,,,,,,,,,,,,,,,,"Falso",,"Falso",,"0","29/09/2025 11:23","Aplicativos STI","Aplicativos STI"
"119",,,,,,,,,,,,,,,,,,,,"Falso",,"Falso",,"0","29/09/2025 11:23","Aplicativos STI","Aplicativos STI"
"127",,,,,,,,,,,,,,,,,,,,"Falso",,"Falso",,"0","29/09/2025 11:23","Aplicativos STI","Aplicativos STI"
"124",,,,,,,,,,,,,,,,,,,,"Falso",,"Falso",,"0","29/09/2025 11:23","Aplicativos STI","Aplicativos STI"
"276",,,,,,,,,,,,,,,,,,,,"Falso",,"Falso",,"0","29/09/2025 11:23","Aplicativos STI","Aplicativos STI"
"316",,,,,,,,,,,,,,,,,,,,"Falso",,"Falso",,"0","29/09/2025 11:23","Aplicativos STI","Aplicativos STI"
"115","E. Médio Completo","Não",,,,,,"Trabalhador/a informal",,"de 1 a 2 salários mínimos",,"Sim",,,,,,,,"Falso",,"Falso",,"0","29/09/2025 11:23","Aplicativos STI","Aplicativos STI"
"345",,,,,,,,,,,,,,,,,,,,"Falso",,"Falso",,"0","29/09/2025 11:23","Aplicativos STI","Aplicativos STI"
"280",,,,,,,,,,,,,,,,,,,,"Falso",,"Falso",,"0","29/09/2025 11:23","Aplicativos STI","Aplicativos STI"
"286",,,,,,,,,,,,,,,,,,,,"Falso",,"Falso",,"0","29/09/2025 11:23","Aplicativos STI","Aplicativos STI"
"105",,,,,,,,,,,,,,,,,,,,"Falso",,"Falso",,"0","29/09/2025 11:24","Aplicativos STI","Aplicativos STI"
"388",,,,,,,,,,,,,,,,,,,,"Falso",,"Falso",,"0","29/09/2025 11:24","Aplicativos STI","Aplicativos STI"
"170",,,,,,,,,,,,,,,,,,,,"Falso",,"Falso",,"0","29/09/2025 11:24","Aplicativos STI","Aplicativos STI"
"175",,,,,,,,,,,,,,,,,,,,"Falso",,"Falso",,"0","29/09/2025 11:24","Aplicativos STI","Aplicativos STI"
"318","Superior Completo","Não",,,,,,"Trabalhador/a formal","Não",,,"Sim","Outras formas de violência",,"Sim","O agressor retirou todos os bens do imóvel em que a vítima residia.","Não",,,"Falso",,"Falso",,"0","29/09/2025 11:24","Aplicativos STI","Layla Andrade Barros Moreira"
"194","Superior Completo","Não",,,,,,,,,,"Sim",,,,,,,,"Falso",,"Falso",,"0","29/09/2025 11:24","Aplicativos STI","Delzira de Oliveira Baldoino"
"163",,,,,,,,,,,,,,,,,,,,"Falso",,"Falso",,"0","29/09/2025 11:24","Aplicativos STI","Aplicativos STI"
"168",,,,,,,,,,,,,,,,,,,,"Falso",,"Falso",,"0","29/09/2025 11:24","Aplicativos STI","Aplicativos STI"
"202",,,,,,,,,,,,,,,,,,,,"Falso",,"Falso",,"0","29/09/2025 11:24","Aplicativos STI","Aplicativos STI"
"178",,,,,,,,,,,,,,,,,,,,"Falso",,"Falso",,"0","29/09/2025 11:24","Aplicativos STI","Aplicativos STI"
"362","E. Médio Completo","Não",,,,,,"Trabalhador/a formal","Não",,,"Sim","Redução ou perda salarial/renda","Teve que arcar com todos os gastos do filho e do processo, diminuindo a renda  familiar","Não",,"Não",,,"Falso",,"Falso",,"0","29/09/2025 11:24","Aplicativos STI","Gabriela Dantas Rubal"
"201",,,,,,,,,,,,,,,,,,,,"Falso",,"Falso",,"0","29/09/2025 11:24","Aplicativos STI","Aplicativos STI"
"152",,,,,,,,,,,,,,,,,,,,"Falso",,"Falso",,"0","29/09/2025 11:24","Aplicativos STI","Aplicativos STI"
"158",,,,,,,,,,,,,,,,,,,,"Falso",,"Falso",,"0","29/09/2025 11:24","Aplicativos STI","Aplicativos STI"
"185",,,,,,,,,,,,,,,,,,,,"Falso",,"Falso",,"0","29/09/2025 11:24","Aplicativos STI","Aplicativos STI"
"196",,,,,,,,,,,,,,,,,,,,"Falso",,"Falso",,"0","29/09/2025 11:24","Aplicativos STI","Aplicativos STI"
"200",,,,,,,,,,,,,,,,,,,,"Falso",,"Falso",,"0","29/09/2025 11:24","Aplicativos STI","Aplicativos STI"
"174",,,,,,,,,,,,,,,,,,,,"Falso",,"Falso",,"0","29/09/2025 11:24","Aplicativos STI","Aplicativos STI"
"203","Superior Incompleto","Não",,,,,,"Aposentado/a","Não","de 5 a 10 salários mínimos",,"Sim","Afastamento do trabalho",,"Sim",,"Sim","Afastamento escolar",,"Falso",,"Falso",,"0","29/09/2025 11:24","Aplicativos STI","Juliana Marques Resende"
"182",,,,,,,,,,,,,,,,,,,,"Falso",,"Falso",,"0","29/09/2025 11:24","Aplicativos STI","Aplicativos STI"
"380","Superior Completo","Não",,,,,,"Trabalhador/a informal",,,,,,,"Sim",,,,,"Falso",,"Falso",,"0","29/09/2025 11:24","Aplicativos STI","Alessandra Quezia Dornelas Santos"
"349","Superior Incompleto","Não",,,,,,"Trabalhador/a informal","Não",,,"Não",,,"Sim",,"Não",,,"Falso",,"Falso",,"0","29/09/2025 11:24","Aplicativos STI","Aplicativos STI"
"311",,,,,,,,,,,,,,,,,,,,"Falso",,"Falso",,"0","29/09/2025 11:24","Aplicativos STI","Aplicativos STI"
"342","Superior Incompleto",,,,,,,,,,,,,,,,,,,"Falso",,"Falso",,"0","29/09/2025 11:24","Aplicativos STI","Alessandra Quezia Dornelas Santos"
"212",,,,,,,,,,,,,,,,,,,,"Falso",,"Falso",,"0","29/09/2025 11:24","Aplicativos STI","Aplicativos STI"
"231",,,,,,,,,,,,,,,,,,,,"Falso",,"Falso",,"0","29/09/2025 11:24","Aplicativos STI","Aplicativos STI"
"268",,,,,,,,,,,,,,,,,,,,"Falso",,"Falso",,"0","29/09/2025 11:24","Aplicativos STI","Aplicativos STI"
"260",,,,,,,,,,,,,,,,,,,,"Falso",,"Falso",,"0","29/09/2025 11:24","Aplicativos STI","Aplicativos STI"
"250","Superior Completo",,,,,,,"Trabalhador/a informal",,,,,,,,,,,,"Falso",,"Falso",,"0","29/09/2025 11:24","Aplicativos STI","Alessandra Quezia Dornelas Santos"
"219","Superior Completo","Não",,,,,,"Trabalhador/a formal","Não",,,"Não",,,,,,,,"Falso",,"Falso",,"0","29/09/2025 11:24","Aplicativos STI","Aplicativos STI"
"246",,,,,,,,,,,,,,,,,,,,"Falso",,"Falso",,"0","29/09/2025 11:24","Aplicativos STI","Aplicativos STI"
"382",,,,,,,,,,,,,,,,,,,,"Falso",,"Falso",,"0","29/09/2025 11:25","Aplicativos STI","Aplicativos STI"
"204",,,,,,,,"Aposentado/a",,,,,,,,,,,,"Falso",,"Falso",,"0","29/09/2025 11:25","Aplicativos STI","Aplicativos STI"
"287",,,,,,,,,,,,,,,,,,,,"Falso",,"Falso",,"0","29/09/2025 11:25","Aplicativos STI","Aplicativos STI"
"300",,,,,,,,,,,,,,,,,,,,"Falso",,"Falso",,"0","29/09/2025 11:25","Aplicativos STI","Aplicativos STI"
"398",,,,,,,,,,,,,,,,,,,,"Falso",,"Falso",,"0","29/09/2025 11:25","Aplicativos STI","Aplicativos STI"
"329",,"Não",,,,,,"Trabalhador/a formal",,"de 1 a 2 salários mínimos",,,,,,,,,,"Falso",,"Falso",,"0","29/09/2025 11:25","Aplicativos STI","Aplicativos STI"
"337",,"Não","Privada",,,,,"Aposentado/a","Não","de 1 a 2 salários mínimos",,"Sim","Redução ou perda salarial/renda","Com os impactos psicológicos, e depressão grave, precisou iniciar o processo de aposentadoria","Sim","Mudou de cidade para tentar achar seu filho",,,,"Falso",,"Falso",,"0","29/09/2025 11:25","Aplicativos STI","Aplicativos STI"
"283",,,,,,,,,,,,,,,,,,,,"Falso",,"Falso",,"0","29/09/2025 11:25","Aplicativos STI","Aplicativos STI"
"230","Superior Incompleto",,,,,"Afastamento Médico",,"Trabalhador/a formal","Sim",,,"Sim","Afastamento do trabalho","Relata que após o crime, passou por médico do trabalho que realizou afastamento por conta do seu quadro psicológico",,,,,,"Falso",,"Falso",,"0","29/09/2025 11:25","Aplicativos STI","Juliana Marques Resende"
"325",,,,,,,,,,,,,,,,,,,,"Falso",,"Falso",,"0","29/09/2025 11:25","Aplicativos STI","Aplicativos STI"
"278",,,,,,,,,,,,,,,,,,,,"Falso",,"Falso",,"0","29/09/2025 11:25","Aplicativos STI","Aplicativos STI"
"364",,"Não",,,,,,,"Não",,,"Sim","Outras formas de violência","Assumiu as dívidas deixadas pela filha falecida.","Não",,"Não",,,"Falso",,"Falso",,"0","29/09/2025 11:25","Aplicativos STI","Aplicativos STI"
"304",,,,,,,,,,,,,,,,,,,,"Falso",,"Falso",,"0","29/09/2025 11:25","Aplicativos STI","Aplicativos STI"
"333",,,,,,,,,,,,,,,,,,,,"Falso",,"Falso",,"0","29/09/2025 11:25","Aplicativos STI","Aplicativos STI"
"293",,,,,,,,,,,,,,,,,,,,"Falso",,"Falso",,"0","29/09/2025 11:25","Aplicativos STI","Aplicativos STI"
"269","E. Fund. Completo","Não",,,"Não",,,"Trabalhador/a formal","Não","de 1 a 2 salários mínimos",,"Não",,,"Não",,"Não",,,"Falso",,"Falso",,"0","29/09/2025 11:25","Aplicativos STI","Alessandra Quezia Dornelas Santos"
"317",,,,,,,,,,,,,,,,,,,,"Falso",,"Falso",,"0","29/09/2025 11:25","Aplicativos STI","Aplicativos STI"
"359",,,,,,,,,,,,,,,,,,,,"Falso",,"Falso",,"0","29/09/2025 11:25","Aplicativos STI","Aplicativos STI"
"392",,,,,,,,,,,,,,,,,,,,"Falso",,"Falso",,"0","29/09/2025 11:25","Aplicativos STI","Aplicativos STI"
"384",,,,,,,,,,,,,,,,,,,,"Falso",,"Falso",,"0","29/09/2025 11:25","Aplicativos STI","Aplicativos STI"
"326","E. Fund. Completo",,,,,,,,,,,,,,,,,,,"Falso",,"Falso",,"0","29/09/2025 11:25","Aplicativos STI","Alessandra Quezia Dornelas Santos"
"360",,,,,,,,,,,,,,,,,,,,"Falso",,"Falso",,"0","29/09/2025 11:25","Aplicativos STI","Aplicativos STI"
"234",,"Não",,,,,,"Trabalhador/a informal",,,,"Sim",,,,,,,,"Falso",,"Falso",,"0","29/09/2025 11:25","Aplicativos STI","Aplicativos STI"
"232",,,,,,,,,,,,,,,,,,,,"Falso",,"Falso",,"0","29/09/2025 11:25","Aplicativos STI","Aplicativos STI"
"390",,,,,,,,,,,,,,,,,,,,"Falso",,"Falso",,"0","29/09/2025 11:25","Aplicativos STI","Aplicativos STI"
"395",,,,,,,,,,,,,,,,,,,,"Falso",,"Falso",,"0","29/09/2025 11:25","Aplicativos STI","Aplicativos STI"
"303",,,,,,,,,,,,,,,,,,,,"Falso",,"Falso",,"0","29/09/2025 11:26","Aplicativos STI","Aplicativos STI"
"371",,,,,,,,,,,,,,,,,,,,"Falso",,"Falso",,"0","29/09/2025 11:26","Aplicativos STI","Aplicativos STI"
"321",,,,,,,,,,,,,,,,,,,,"Falso",,"Falso",,"0","29/09/2025 11:26","Aplicativos STI","Alessandra Quezia Dornelas Santos"
"350",,"Não",,,,,,"Trabalhador/a formal","Não","de 2 a 5 salários mínimos",,"Sim","Afastamento do trabalho","afastamento porque estava nervosa e explosiva","Sim","muitos gastos com os trabalhos da casa que eram impostos a ela","Não",,,"Falso",,"Falso",,"0","29/09/2025 11:26","Aplicativos STI","Aplicativos STI"
"210",,,,,,,,,,,,,,,,,,,,"Falso",,"Falso",,"0","29/09/2025 11:26","Aplicativos STI","Aplicativos STI"
"381",,,,,,,,,,,,,,,,,,,,"Falso",,"Falso",,"0","29/09/2025 11:26","Aplicativos STI","Aplicativos STI"
"307",,,,,,,,,,,,,,,,,,,,"Falso",,"Falso",,"0","29/09/2025 11:26","Aplicativos STI","Aplicativos STI"
"354",,,,,,,,,,,,,,,,,,,,"Falso",,"Falso",,"0","29/09/2025 11:26","Aplicativos STI","Aplicativos STI"
"338","Superior Incompleto","Sim","Privada",,,,,"Trabalhador/a informal",,"de 2 a 5 salários mínimos",,"Sim","Redução ou perda salarial/renda","Diminuição da renda familiar",,,,,,"Falso",,"Falso",,"0","29/09/2025 11:26","Aplicativos STI","Aplicativos STI"
"385",,,,,,,,,,,,,,,,,,,,"Falso",,"Falso",,"0","29/09/2025 11:26","Aplicativos STI","Aplicativos STI"
"373",,,,,,,,,,,,,,,,,,,,"Falso",,"Falso",,"0","29/09/2025 11:26","Aplicativos STI","Aplicativos STI"
"322",,,,,,,,,,,,,,,,,,,,"Falso",,"Falso",,"0","29/09/2025 11:26","Aplicativos STI","Aplicativos STI"
"397",,,,,,,,,,,,,,,,,,,,"Falso",,"Falso",,"0","29/09/2025 11:26","Aplicativos STI","Aplicativos STI"
"319",,,,,,,,,,,,,,,,,,,,"Falso",,"Falso",,"0","29/09/2025 11:26","Aplicativos STI","Aplicativos STI"
"369","E. Médio Incompleto","Não",,,,,,"Inativo/a","Não",,,"Sim","Desemprego","perdeu emprego",,,"Sim","Evasão escolar","evasão","Falso",,"True","acesso a renda","0","29/09/2025 11:26","Aplicativos STI","Aplicativos STI"
"374",,,,,,,,,,,,,,,,,,,,"Falso",,"Falso",,"0","29/09/2025 11:26","Aplicativos STI","Aplicativos STI"
"386",,,,,,,,,,,,,,,,,,,,"Falso",,"Falso",,"0","29/09/2025 11:26","Aplicativos STI","Aplicativos STI"
"275",,,,,,,,,,,,,,,,,,,,"Falso",,"Falso",,"0","29/09/2025 11:26","Aplicativos STI","Aplicativos STI"
"383",,,,,,,,,,,,,,,,,,,,"Falso",,"Falso",,"0","29/09/2025 11:26","Aplicativos STI","Aplicativos STI"
"243",,,,,,,,,,,,,,,,,,,,"Falso",,"Falso",,"0","29/09/2025 11:26","Aplicativos STI","Aplicativos STI"
"348","E. Médio Completo","Não",,,,,,"Trabalhador/a formal","Não","de 1 a 2 salários mínimos",,"Não",,,"Não",,"Não",,,"Falso",,"Falso",,"0","29/09/2025 11:26","Aplicativos STI","Aplicativos STI"
"313",,,,,,,,,,,,,,,,,,,,"Falso",,"Falso",,"0","29/09/2025 11:26","Aplicativos STI","Aplicativos STI"
"376",,,,,,,,,,,,,,,,,,,,"Falso",,"Falso",,"0","29/09/2025 11:26","Aplicativos STI","Aplicativos STI"
"330",,,,,,,,,,,,,,,,,,,,"Falso",,"Falso",,"0","29/09/2025 11:26","Aplicativos STI","Aplicativos STI"
"294",,,,,,,,,,,,,,,,,,,,"Falso",,"Falso",,"0","29/09/2025 11:26","Aplicativos STI","Aplicativos STI"
"365","E. Médio Completo","Não",,,,,,"Desempregado/a",,"de 1 a 2 salários mínimos",,"Sim","Desemprego",,"Sim",,"Não",,,"Falso",,"Falso",,"0","29/09/2025 11:26","Aplicativos STI","Aplicativos STI"
"378","Superior Incompleto","Sim","Privada","UNA",,,,"Trabalhador/a informal",,,,"Não",,,"Não",,"Não",,,"Falso",,"Falso",,"0","29/09/2025 11:26","Aplicativos STI","Layla Andrade Barros Moreira"
"393",,,,,,,,,,,,,,,,,,,,"Falso",,"Falso",,"0","29/09/2025 11:27","Aplicativos STI","Aplicativos STI"
"394",,,,,,,,,,,,,,,,,,,,"Falso",,"Falso",,"0","29/09/2025 11:27","Aplicativos STI","Aplicativos STI"
"262",,,,,,,,,,,,,,,,,,,,"Falso",,"Falso",,"0","29/09/2025 11:27","Aplicativos STI","Aplicativos STI"
"327",,,,,,,,,,,,,,,,,,,,"Falso",,"Falso",,"0","29/09/2025 11:27","Aplicativos STI","Aplicativos STI"
"215",,,,,,,,,,,,,,,,,,,,"Falso",,"Falso",,"0","29/09/2025 11:29","Aplicativos STI","Aplicativos STI"
"281",,,,,,,,,,,,,,,,,,,,"Falso",,"Falso",,"0","29/09/2025 11:29","Aplicativos STI","Aplicativos STI"
"352",,,,,,,,,,,,,,,,,,,,"Falso",,"Falso",,"0","29/09/2025 11:29","Aplicativos STI","Aplicativos STI"
"239","E. Fund. Incompleto","Não",,,,"Outro","Incapacidade de trabalhar devido a condições psiquiátricas ","Desempregado/a","Sim","Menos de um salário mínimo",,"Não",,,"Não",,"Não",,,"Falso",,"Falso",,"0","29/09/2025 11:30","Aplicativos STI","Aplicativos STI"
"310","Superior Incompleto",,,,,,,,,,,,,,,,,,,"Falso",,"Falso",,"0","29/09/2025 11:30","Aplicativos STI","Alessandra Quezia Dornelas Santos"
"375",,,,,,,,,,,,,,,,,,,,"Falso",,"Falso",,"0","29/09/2025 11:30","Aplicativos STI","Aplicativos STI"
"220",,,,,,,,,,,,,,,,,,,,"Falso",,"Falso",,"0","29/09/2025 11:30","Aplicativos STI","Aplicativos STI"
"157",,,,,,,,,,,,,,,,,,,,"Falso",,"Falso",,"0","29/09/2025 11:30","Aplicativos STI","Aplicativos STI"
"285",,,,,,,,,,,,,,,,,,,,"Falso",,"Falso",,"0","29/09/2025 11:30","Aplicativos STI","Aplicativos STI"
"282",,"Não",,,,,,"Trabalhador/a formal","Não",,,"Sim","Redução ou perda salarial/renda",,"Sim","O esposo deixou de trabalhar fora pois a família vive com medo  após o crime",,,,"Falso",,"Falso",,"0","29/09/2025 11:30","Aplicativos STI","Delzira de Oliveira Baldoino"
"356",,,,,,,,,,,,,,,,,,,,"Falso",,"Falso",,"0","29/09/2025 11:31","Aplicativos STI","Aplicativos STI"
"296",,,,,,,,,,,,,,,,,,,,"Falso",,"Falso",,"0","29/09/2025 11:31","Aplicativos STI","Aplicativos STI"
"75",,,,,,,,"Servidor/a público/a",,,,"Sim","Afastamento do trabalho",,,,,,,"Falso",,"Falso",,"0","29/09/2025 11:34","Aplicativos STI","Aplicativos STI"
"273","Superior Completo","Não",,,,,,"Servidor/a público/a",,"Acima de 10 salaríos mínimos",,"Não",,,"Sim",,"Não",,,"Falso",,"Falso",,"0","29/09/2025 11:34","Aplicativos STI","Juliana Marques Resende"
"346","Superior Completo","Não",,,,,,,"Não",,,"Sim","Redução ou perda salarial/renda","perda de renda pela excessiva dedicação aos trabalhos do Terreiro","Sim","investimento excessivo em dinheiro ","Não",,,"Falso",,"Falso",,"0","29/09/2025 11:34","Aplicativos STI","Aplicativos STI"
"400",,,,,,,,,,,,,,,,,,,,"Falso",,"Falso",,"0","29/09/2025 11:34","Aplicativos STI","Aplicativos STI"
"372",,"Não",,,,,,,"Sim",,,,,,,,,,,"Falso",,"Falso",,"0","29/09/2025 11:36","Aplicativos STI","Nathani Rodrigues Lourenco Marcolino"
"387",,,,,,,,,,,,,,,,,,,,"Falso",,"Falso",,"0","29/09/2025 11:48","Aplicativos STI","Aplicativos STI"
"377",,,,,,,,,,,,,,,,,,,,"Falso",,"Falso",,"0","29/09/2025 13:17","Aplicativos STI","Aplicativos STI"
"396",,,,,,,,,,,,,,,,,,,,"Falso",,"Falso",,"0","29/09/2025 13:17","Aplicativos STI","Aplicativos STI"
"312",,,,,,,,,,,,,,,,,,,,"Falso",,"Falso",,"0","29/09/2025 13:17","Aplicativos STI","Aplicativos STI"
"208",,,,,,,,,,,,,,,,,,,,"Falso",,"Falso",,"0","29/09/2025 13:17","Aplicativos STI","Aplicativos STI"
"314",,"Não",,,,"Outro","saiu do emprego com medo de represálias do marido","Desempregado/a","Não",,,"Sim","Afastamento do trabalho","saiu do emprego com medo de represálias do marido","Sim","perda de renda","Não",,,"Falso",,"True","está a procura de novo emprego","0","29/09/2025 13:17","Aplicativos STI","Aplicativos STI"
"379","Superior Completo","Não",,,"Não",,,"Desempregado/a",,"de 1 a 2 salários mínimos",,,,,,,,,,"Falso",,"Falso",,"0","29/09/2025 13:17","Aplicativos STI","Gabriela Dantas Rubal"
"274",,,,,,,,,,,,,,,,,,,,"Falso",,"Falso",,"0","29/09/2025 13:17","Aplicativos STI","Aplicativos STI"
"284","Superior Completo","Não",,,,,,"Trabalhador/a formal",,"de 2 a 5 salários mínimos",,"Sim","Desemprego","Devido o baixo rendimento foi demitida do trabalho que estava à 12 anos. ",,,,,,"Falso",,"Falso",,"0","29/09/2025 13:17","Aplicativos STI","Aplicativos STI"
"347","Pós graduação","Não",,,,,,"Trabalhador/a formal","Não","de 5 a 10 salários mínimos",,"Sim","Outras formas de violência","pedidos abusivos de contribuição no Terreiro","Sim","cerca de 30.000,00","Não",,,"Falso",,"Falso",,"0","29/09/2025 13:17","Aplicativos STI","Aplicativos STI"
"401",,,,,,,,,,,,,,,,,,,,"Falso",,"Falso",,"0","03/10/2025 14:17","Erika Aparecida Pretes","Erika Aparecida Pretes"
"389","E. Fund. Completo","Não",,,,"Outro","Recebe BPC LOAS","Trabalhador/a informal","Não",,,"Não",,,"Não",,"Não",,,"Falso",,"Falso",,"0","03/10/2025 17:53","Layla Andrade Barros Moreira","Layla Andrade Barros Moreira"
"404","E. Médio Incompleto","Não",,,,,,"Desempregado/a",,"Menos de um salário mínimo",,"Sim","Desemprego","Vítima está desempregada e perdeu a renda do trabalho",,,,,,"Falso",,"Falso",,"0","07/10/2025 13:24","Gabriela Dantas Rubal","Gabriela Dantas Rubal"
"324",,,,,,,,,,,,,,,,,,,,"Falso",,"Falso",,"0","07/10/2025 15:38","Alessandra Quezia Dornelas Santos","Alessandra Quezia Dornelas Santos"
"399",,,,,,,,,,,,,,,,,,,,"Falso",,"Falso",,"0","07/10/2025 16:05","Gabriela Dantas Rubal","Gabriela Dantas Rubal"
"391","Superior Completo","Não",,,"Não",,,"Trabalhador/a formal","Não",,,"Não",,,"Não",,"Não",,,"Falso",,"Falso",,"0","08/10/2025 16:07","Gabriela Dantas Rubal","Gabriela Dantas Rubal"
"402",,,,,,,,,,,,,,,,,,,,"Falso",,"Falso",,"0","09/10/2025 11:35","Erika Aparecida Pretes","Erika Aparecida Pretes"
"189",,,,,,,,,,,,,,,,,,,,"Falso",,"Falso",,"0","09/10/2025 11:41","Erika Aparecida Pretes","Erika Aparecida Pretes"
"306",,,,,,,,,,,,,,,,,,,,"Falso",,"Falso",,"0","09/10/2025 14:07","Alessandra Quezia Dornelas Santos","Alessandra Quezia Dornelas Santos"
"305",,,,,,,,,,,,,,,,,,,,"Falso",,"Falso",,"0","09/10/2025 14:18","Alessandra Quezia Dornelas Santos","Alessandra Quezia Dornelas Santos"
"302",,,,,,,,,,,,,,,,,,,,"Falso",,"Falso",,"0","09/10/2025 14:26","Alessandra Quezia Dornelas Santos","Alessandra Quezia Dornelas Santos"
"409","Superior Incompleto","Sim","Privada","PUC",,"Afastamento Médico","Afastamento por Incapacidade Temporária","Estudante/Mestrando/Doutorando/Bolsista","Sim",,,,,,,,"Sim","Afastamento escolar","Ficou 15 dias afastada da faculdade","Falso",,"Falso",,"0","14/10/2025 10:13","Delzira de Oliveira Baldoino","Gabriela Dantas Rubal"
"259","Superior Completo","Não",,,,,,,,"de 2 a 5 salários mínimos",,,,,,,,,,"Falso",,"Falso",,"0","14/10/2025 16:56","Alessandra Quezia Dornelas Santos","Alessandra Quezia Dornelas Santos"
"258",,,,,,,,,,,,,,,,,,,,"Falso",,"Falso",,"0","15/10/2025 16:21","Alessandra Quezia Dornelas Santos","Alessandra Quezia Dornelas Santos"
"363",,,,,,"Afastamento Médico","Licença Médica","Trabalhador/a formal","Sim",,,"Sim","Afastamento do trabalho",,,,,,,"Falso",,"Falso",,"0","17/10/2025 10:25","Gabriela Dantas Rubal","Gabriela Dantas Rubal"
"412",,,,,,,,,,,,"Sim","Redução ou perda salarial/renda","Vítima direta era a principal provedora da família",,,,,,"Falso",,"Falso",,"0","20/10/2025 16:20","Gabriela Dantas Rubal","Gabriela Dantas Rubal"
"403",,,,,,,,,,,,,,,,,,,,"Falso",,"Falso",,"0","20/10/2025 16:35","Gabriela Dantas Rubal","Gabriela Dantas Rubal"
"414",,,,,,,,,,,,,,,,,,,,"Falso",,"Falso",,"0","22/10/2025 11:45","Gabriela Dantas Rubal","Gabriela Dantas Rubal"
"416","E. Médio Completo",,,,,,,,,,,,,,,,,,,"Falso",,"Falso",,"0","22/10/2025 14:14","Gabriela Dantas Rubal","Alessandra Quezia Dornelas Santos"
"411",,,,,,,,,,,,,,,,,,,,"Falso",,"Falso",,"0","22/10/2025 15:07","Gabriela Dantas Rubal","Gabriela Dantas Rubal"
"415",,,,,,,,,,,,,,,,,,,,"Falso",,"Falso",,"0","22/10/2025 15:11","Alessandra Quezia Dornelas Santos","Alessandra Quezia Dornelas Santos"
"417",,,,,,,,,,,,,,,,,,,,"Falso",,"Falso",,"0","22/10/2025 17:42","Alessandra Quezia Dornelas Santos","Alessandra Quezia Dornelas Santos"
"418",,,,,,,,,,,,,,,,,,,,"Falso",,"Falso",,"0","22/10/2025 17:44","Alessandra Quezia Dornelas Santos","Alessandra Quezia Dornelas Santos"
"419",,,,,,,,"Desempregado/a",,,,,,,"Sim",,,,,"Falso",,"Falso",,"0","22/10/2025 17:58","Alessandra Quezia Dornelas Santos","Gabriela Dantas Rubal"
"421",,,,,,,,,,,,,,,,,,,,"Falso",,"Falso",,"0","22/10/2025 18:11","Alessandra Quezia Dornelas Santos","Alessandra Quezia Dornelas Santos"
"423",,,,,,,,,,,,,,,,,,,,"Falso",,"Falso",,"0","23/10/2025 14:38","Alessandra Quezia Dornelas Santos","Alessandra Quezia Dornelas Santos"
"424",,,,,,,,,,,,,,,,,,,,"Falso",,"Falso",,"0","23/10/2025 14:40","Alessandra Quezia Dornelas Santos","Alessandra Quezia Dornelas Santos"
"425",,,,,,,,,,,,,,,,,,,,"Falso",,"Falso",,"0","23/10/2025 14:48","Alessandra Quezia Dornelas Santos","Alessandra Quezia Dornelas Santos"
"426",,,,,,,,,,,,,,,,,,,,"Falso",,"Falso",,"0","23/10/2025 14:51","Alessandra Quezia Dornelas Santos","Alessandra Quezia Dornelas Santos"
"427",,,,,,,,,,,,,,,,,,,,"Falso",,"Falso",,"0","23/10/2025 14:58","Alessandra Quezia Dornelas Santos","Alessandra Quezia Dornelas Santos"
"428",,,,,,,,,,,,,,,,,,,,"Falso",,"Falso",,"0","23/10/2025 15:12","Alessandra Quezia Dornelas Santos","Alessandra Quezia Dornelas Santos"
"429",,,,,,,,,,,,,,,,,,,,"Falso",,"Falso",,"0","23/10/2025 15:17","Alessandra Quezia Dornelas Santos","Alessandra Quezia Dornelas Santos"
"430",,,,,,,,,,,,,,,,,,,,"Falso",,"Falso",,"0","23/10/2025 15:22","Alessandra Quezia Dornelas Santos","Alessandra Quezia Dornelas Santos"
"431",,,,,,,,,,,,,,,,,,,,"Falso",,"Falso",,"0","23/10/2025 15:27","Alessandra Quezia Dornelas Santos","Alessandra Quezia Dornelas Santos"
"432",,,,,,,,,,,,,,,,,,,,"Falso",,"Falso",,"0","23/10/2025 15:30","Alessandra Quezia Dornelas Santos","Alessandra Quezia Dornelas Santos"
"434","Superior Incompleto","Sim","Privada","Anhanguera",,,,"Trabalhador/a formal","Não",,,"Sim","Discriminação ou bullyng","Algumas pessoas do trabalho foram informadas, em razão da necessidade de se ausentar para lidar com as questões burocráticas. Após, a vítima ficou mais isolada, uma das colegas parou de interagir com ela.","Não",,"Não",,,"Falso",,"Falso",,"0","23/10/2025 16:27","Alessandra Quezia Dornelas Santos","Layla Andrade Barros Moreira"
"435",,,,,,,,"Trabalhador/a formal",,,,,,,,,,,,"Falso",,"Falso",,"0","23/10/2025 16:32","Alessandra Quezia Dornelas Santos","Alessandra Quezia Dornelas Santos"
"436","Superior Completo","Não",,,,,,"Desempregado/a",,"Menos de um salário mínimo",,"Sim","Desemprego",,,,,,,"Falso",,"Falso",,"0","23/10/2025 16:35","Alessandra Quezia Dornelas Santos","Gabriela Dantas Rubal"
"437","Superior Completo",,,,,,,"Trabalhador/a formal",,,,,,,,,,,,"Falso",,"Falso",,"0","23/10/2025 16:42","Alessandra Quezia Dornelas Santos","Alessandra Quezia Dornelas Santos"
"438",,,,,,,,,,,,,,,,,,,,"Falso",,"Falso",,"0","23/10/2025 16:48","Alessandra Quezia Dornelas Santos","Alessandra Quezia Dornelas Santos"
"439",,,,,,,,,,,,,,,,,,,,"Falso",,"Falso",,"0","23/10/2025 16:51","Alessandra Quezia Dornelas Santos","Alessandra Quezia Dornelas Santos"
"440","E. Médio Incompleto",,,,,,,"Trabalhador/a doméstico/a",,,,,,,,,,,,"Falso",,"Falso",,"0","23/10/2025 18:49","Alessandra Quezia Dornelas Santos","Gabriela Dantas Rubal"
"441",,,,,,,,"Aposentado/a",,,,"Não",,,"Não",,"Não",,,"Falso",,"Falso",,"0","24/10/2025 14:14","Alessandra Quezia Dornelas Santos","Layla Andrade Barros Moreira"
"442",,,,,,,,,,,,,,,,,,,,"Falso",,"Falso",,"0","24/10/2025 14:30","Alessandra Quezia Dornelas Santos","Alessandra Quezia Dornelas Santos"
"443",,,,,,,,,,,,,,,,,,,,"Falso",,"Falso",,"0","24/10/2025 14:33","Alessandra Quezia Dornelas Santos","Alessandra Quezia Dornelas Santos"
"444",,,,,,,,,,,,,,,,,,,,"Falso",,"Falso",,"0","24/10/2025 14:35","Alessandra Quezia Dornelas Santos","Alessandra Quezia Dornelas Santos"
"446",,,,,,,,,,,,,,,,,,,,"Falso",,"Falso",,"0","24/10/2025 16:33","Marlon Sttefane Guimaraes Silva","Marlon Sttefane Guimaraes Silva"
"199","E. Médio Completo",,,,,,,"Desempregado/a",,"Menos de um salário mínimo",,"Sim","Desemprego",,"Sim","Diminuição significativa da renda que levou a vítima a voltar à casa da genitora",,,,"Falso",,"Falso",,"0","29/10/2025 11:26","Gabriela Dantas Rubal","Gabriela Dantas Rubal"
"263",,,,,,,,"Trabalhador/a formal","Não","de 1 a 2 salários mínimos",,"Sim","Outras formas de violência","Vítima saiu do trabalho anterior e iniciou um novo.",,,"Não",,,"Falso",,"Falso",,"0","29/10/2025 15:17","Layla Andrade Barros Moreira","Layla Andrade Barros Moreira"
"77","E. Médio Completo","Não",,,,,,"Trabalhador/a formal","Não",,,"Sim","Desemprego","Precisou sair do trabalho devido necessidade de mudar de território, por questões de segurança.","Sim","Mudança de residência",,,,"Falso",,"Falso",,"0","31/10/2025 12:32","Marlon Sttefane Guimaraes Silva","Marlon Sttefane Guimaraes Silva"
"56",,,,,,,,,,,,,,,,,,,,"Falso",,"Falso",,"0","31/10/2025 14:14","Alessandra Quezia Dornelas Santos","Alessandra Quezia Dornelas Santos"
"450","Superior Completo","Sim",,,,,,"Trabalhador/a formal","Não",,,,,,"Sim","A vítima relata inúmeros gastos como contratação de advogado, psicólogo, psiquiatra e nutróloga.","Sim","Discriminação ou bullying","Vítima relata que no ambiente da faculdade sofreu comentários relativos ao seu corpo, uma vez que emagreceu muito em razão do abalo emocional sofrido.","Falso",,"Falso",,"0","31/10/2025 15:43","Layla Andrade Barros Moreira","Layla Andrade Barros Moreira"
"110","Superior Incompleto",,,,,,,,,,,,,,,,,,,"Falso",,"Falso",,"0","31/10/2025 16:44","Alessandra Quezia Dornelas Santos","Alessandra Quezia Dornelas Santos"
"422",,,,,,,,,,,,,,,,,,,,"Falso",,"Falso",,"0","05/11/2025 13:17","Nathani Rodrigues Lourenco Marcolino","Nathani Rodrigues Lourenco Marcolino"
"216",,,,,,,,,,,,,,,,,,,,"Falso",,"Falso",,"0","05/11/2025 16:35","Alessandra Quezia Dornelas Santos","Alessandra Quezia Dornelas Santos"
"159",,,,,,,,,,,,,,,,,,,,"Falso",,"Falso",,"0","06/11/2025 17:09","Alessandra Quezia Dornelas Santos","Alessandra Quezia Dornelas Santos"
"447","Superior Completo","Não",,,,,,"Desempregado/a","Não",,,,,,,,,,,"Falso",,"Falso",,"0","07/11/2025 14:38","Layla Andrade Barros Moreira","Layla Andrade Barros Moreira"
"451",,,,,,,,,,,,,,,,,,,,"Falso",,"Falso",,"0","07/11/2025 16:33","Layla Andrade Barros Moreira","Layla Andrade Barros Moreira"
"448","Superior Completo","Não",,,"Não",,,"Trabalhador/a formal","Não",,,"Não",,,"Não",,"Não",,,"Falso",,"Falso",,"0","13/11/2025 15:46","Gabriela Dantas Rubal","Gabriela Dantas Rubal"
"299",,,,,,,,,,,,,,,,,,,,"Falso",,"Falso",,"0","13/11/2025 16:01","Alessandra Quezia Dornelas Santos","Alessandra Quezia Dornelas Santos"
"370",,,,,,,,,,,,,,,,,,,,"Falso",,"Falso",,"0","19/11/2025 16:49","Alessandra Quezia Dornelas Santos","Alessandra Quezia Dornelas Santos"
"455","Superior Incompleto","Sim","Pública","UEMG",,,,"Estudante/Mestrando/Doutorando/Bolsista",,"de 1 a 2 salários mínimos",,"Não",,,"Não",,"Não",,,"Falso",,"Falso",,"0","24/11/2025 16:01","Layla Andrade Barros Moreira","Layla Andrade Barros Moreira"
"238","E. Médio Completo","Não",,,,,,"Trabalhador/a informal",,"de 1 a 2 salários mínimos",,"Sim",,,,,,,,"Falso",,"Falso",,"0","24/11/2025 16:47","Juliana Marques Resende","Juliana Marques Resende"
"331",,,,,,,,,,,,,,,,,,,,"Falso",,"Falso",,"0","26/11/2025 12:22","Layla Andrade Barros Moreira","Layla Andrade Barros Moreira"
