"ID_Caso","Forma_Encerramento_Caso","Especifique_Outros","Observacao","Data","Anexos","Modificado por","Modificado","Criado por","Criado"
"33",,,"<p class=""editor-paragraph""></p>",,"0","Marlon Sttefane Guimaraes Silva","20/10/2025 16:51","Aplicativos STI","26/09/2025 11:16"
"24",,,"<p class=""editor-paragraph""></p>",,"0","Marlon Sttefane Guimaraes Silva","20/10/2025 16:51","Aplicativos STI","26/09/2025 11:16"
"30",,,"<p class=""editor-paragraph""></p>",,"0","Marlon Sttefane Guimaraes Silva","20/10/2025 16:51","Aplicativos STI","26/09/2025 11:16"
"5","Tratamento das demandas",,"<p class=""editor-paragraph""><p>Certifico que em virtude de conclusão das demandas da vítima, o procediemnto poderá ser arquivado. Se a vítima em algum momento tiver outras demandas, avalaiamos a reabertura do mesmo.</p></p>",,"0","Marlon Sttefane Guimaraes Silva","20/10/2025 16:51","Aplicativos STI","26/09/2025 11:16"
"74",,,"<p class=""editor-paragraph""></p>",,"0","Marlon Sttefane Guimaraes Silva","20/10/2025 16:52","Aplicativos STI","26/09/2025 11:16"
"83","Outros",,"<p class=""editor-paragraph""></p>",,"0","Alessandra Quezia Dornelas Santos","30/10/2025 15:30","Aplicativos STI","26/09/2025 11:16"
"31",,,"<p class=""editor-paragraph""></p>",,"0","Marlon Sttefane Guimaraes Silva","20/10/2025 16:51","Aplicativos STI","26/09/2025 11:16"
"50",,,"<p class=""editor-paragraph""></p>",,"0","Marlon Sttefane Guimaraes Silva","20/10/2025 16:51","Aplicativos STI","26/09/2025 11:16"
"47","Outros",,"<p class=""editor-paragraph""></p>",,"0","Alessandra Quezia Dornelas Santos","29/10/2025 17:34","Aplicativos STI","26/09/2025 11:16"
"46","Tratamento das demandas;Outros",,"<p class=""editor-paragraph""></p>",,"0","Alessandra Quezia Dornelas Santos","17/11/2025 15:43","Aplicativos STI","26/09/2025 11:16"
"44",,,"<p class=""editor-paragraph""></p>",,"0","Marlon Sttefane Guimaraes Silva","20/10/2025 16:51","Aplicativos STI","26/09/2025 11:16"
"49",,,"<p class=""editor-paragraph""></p>",,"0","Marlon Sttefane Guimaraes Silva","20/10/2025 16:51","Aplicativos STI","26/09/2025 11:16"
"48",,,"<p class=""editor-paragraph""></p>",,"0","Marlon Sttefane Guimaraes Silva","20/10/2025 16:51","Aplicativos STI","26/09/2025 11:16"
"36",,,"<p class=""editor-paragraph""></p>",,"0","Marlon Sttefane Guimaraes Silva","20/10/2025 16:51","Aplicativos STI","26/09/2025 11:16"
"37","Outros",,"<p class=""editor-paragraph"">Extinção do processo, tendo em vista o falecimento do réu.</p>","28/10/2025","0","Delzira de Oliveira Baldoino","28/10/2025 16:24","Aplicativos STI","26/09/2025 11:16"
"39","Outros",,"<p class=""editor-paragraph""></p>",,"0","Alessandra Quezia Dornelas Santos","29/10/2025 16:23","Aplicativos STI","26/09/2025 11:16"
"38",,,"<p class=""editor-paragraph""></p>",,"0","Marlon Sttefane Guimaraes Silva","20/10/2025 16:51","Aplicativos STI","26/09/2025 11:16"
"45",,,"<p class=""editor-paragraph""></p>",,"0","Marlon Sttefane Guimaraes Silva","20/10/2025 16:51","Aplicativos STI","26/09/2025 11:16"
"13",,,"<p class=""editor-paragraph""></p>",,"0","Marlon Sttefane Guimaraes Silva","20/10/2025 16:51","Aplicativos STI","26/09/2025 11:16"
"14","Outros",,"<p class=""editor-paragraph""><p>Trata-se de PAAF n.º MPMG-0024.24.003904-0, instaurado a partir do encaminhamento realizado pelo Centro de Apoio Operacional das Promotorias Criminais, de Execução Penal, do Tribunal do Júri e da Auditoria Militar (CAOCRIM), solicitando apoio para atender à Sra. Leidislaine Indiara da Silva Fontoura, vítima indireta e viúva do Sr. Paulo Carvalho Ferreira- vítima direta de um atropelamento apurado como Homicídio Culposo- na busca por informações sobre o andamento das investigações sobre o caso. Reitera-se que o fato ocorrido encontra-se em apuração em sede de Inquérito Policial (7160076), cujas principais informações foram repassadas à vitima. Todavia, infere-se que vítima não se enquadra no recorte estratégico da competência deste Centro, que possui como escopo o atendimento a vítimas de crimes dolosos contra a vida, crimes sexuais, crimes de ódio e racismo, conforme dispõe a RESOLUÇÃO PGJ N.º 38, DE 23 DE AGOSTO DE 2023, que dispõe sobre a criação do Centro Estadual de Apoio às Vítimas, denominado “Casa Lilian”, no âmbito do Ministério Público do Estado de Minas Gerais. Nesse sentido, delibera-se pelo encerramento do feito, em atendimento ao Art. 5º da RESOLUÇÃO CONJUNTA PGJ CGMP Nº 4, DE 01.09.2023, que Regulamenta o Procedimento de Apoio à Atividade Fim (PAAF), no âmbito do Ministério Público do Estado de Minas Gerais. Conforme resultado obtido, descrito no Relatório de Atendimento (7160125) e Formulário de apuração de suas demandas (7160135), as informações solicitadas pela vítima foram todas prestadas e dadas as devidas orientações jurídicas.&#160;</p></p>",,"0","Marlon Sttefane Guimaraes Silva","20/10/2025 16:51","Aplicativos STI","26/09/2025 11:16"
"11",,,"<p class=""editor-paragraph""></p>",,"0","Marlon Sttefane Guimaraes Silva","20/10/2025 16:51","Aplicativos STI","26/09/2025 11:16"
"42",,,"<p class=""editor-paragraph""></p>",,"0","Marlon Sttefane Guimaraes Silva","20/10/2025 16:51","Aplicativos STI","26/09/2025 11:16"
"3","Tratamento das demandas",,"<p class=""editor-paragraph""><p>Diante da atual condição, oriento Laís que caso precise de alguma orientação posterior acerca do crime que procure à equipe da Casa Lilian.</p></p>",,"0","Marlon Sttefane Guimaraes Silva","20/10/2025 16:51","Aplicativos STI","26/09/2025 11:16"
"12",,,"<p class=""editor-paragraph""></p>",,"0","Marlon Sttefane Guimaraes Silva","20/10/2025 16:51","Aplicativos STI","26/09/2025 11:16"
"22",,,"<p class=""editor-paragraph""></p>",,"0","Marlon Sttefane Guimaraes Silva","20/10/2025 16:51","Aplicativos STI","26/09/2025 11:16"
"8",,,"<p class=""editor-paragraph""></p>",,"0","Marlon Sttefane Guimaraes Silva","20/10/2025 16:51","Aplicativos STI","26/09/2025 11:16"
"32",,,"<p class=""editor-paragraph""></p>",,"0","Marlon Sttefane Guimaraes Silva","20/10/2025 16:51","Aplicativos STI","26/09/2025 11:16"
"25",,,"<p class=""editor-paragraph""></p>",,"0","Marlon Sttefane Guimaraes Silva","20/10/2025 16:51","Aplicativos STI","26/09/2025 11:16"
"23",,,"<p class=""editor-paragraph""></p>",,"0","Marlon Sttefane Guimaraes Silva","20/10/2025 16:51","Aplicativos STI","26/09/2025 11:16"
"21",,,"<p class=""editor-paragraph""></p>",,"0","Marlon Sttefane Guimaraes Silva","20/10/2025 16:51","Aplicativos STI","26/09/2025 11:16"
"1","Voluntariedade/Recusa de atendimento",,"<p class=""editor-paragraph""><p>Enviamos mensagem para a Sra. Aretha informando sobre o recesso de fim de ano (de 19/12/23 a 07/01/24) e solicitando que até o dia 10/01/24 ela se manifeste sobre a continuidade do acompanhamento da Casa Lilian sinalizando com um ok por mensagem. Informamos também que, caso não tenha interesse e caso não tivéssemos resposta, seu caso seria arquivado e, quando desejar, pode nos procurar novamente.&#160;&#160;</p><p>Nesse sentido, em razão da autonomia que cabe à vítima, encerramos os contatos nos disponibilizando para retomar os atendimentos e os encaminhamentos, disponibilizando os canais de atendimento da Casa Lilian.&#160;</p></p>",,"0","Marlon Sttefane Guimaraes Silva","20/10/2025 16:51","Aplicativos STI","26/09/2025 11:16"
"80",,,"<p class=""editor-paragraph""></p>",,"0","Marlon Sttefane Guimaraes Silva","20/10/2025 16:52","Aplicativos STI","26/09/2025 11:16"
"2",,,"<p class=""editor-paragraph""></p>",,"0","Marlon Sttefane Guimaraes Silva","20/10/2025 16:51","Aplicativos STI","26/09/2025 11:16"
"6",,,"<p class=""editor-paragraph""></p>",,"0","Marlon Sttefane Guimaraes Silva","20/10/2025 16:51","Aplicativos STI","26/09/2025 11:16"
"29",,,"<p class=""editor-paragraph""></p>",,"0","Marlon Sttefane Guimaraes Silva","20/10/2025 16:51","Aplicativos STI","26/09/2025 11:16"
"133","Tratamento das demandas",,"<p class=""editor-paragraph""></p>",,"0","Marlon Sttefane Guimaraes Silva","20/10/2025 16:52","Aplicativos STI","26/09/2025 11:16"
"19","Inserção na rede;Tratamento das demandas",,"<p class=""editor-paragraph""></p>",,"0","Marlon Sttefane Guimaraes Silva","20/10/2025 16:51","Aplicativos STI","26/09/2025 11:16"
"4","Tratamento das demandas",,"<p class=""editor-paragraph""><p>Certifico que em virtude de conclusão das demandas da vítima, o procediemento poderá ser arquivado. Se a vítima em algum momento tiver outras demandas, avalaiamos a reabertura do mesmo.</p></p>",,"0","Marlon Sttefane Guimaraes Silva","20/10/2025 16:51","Aplicativos STI","26/09/2025 11:16"
"17","Outros",,"<p class=""editor-paragraph""></p>",,"0","Alessandra Quezia Dornelas Santos","29/10/2025 16:20","Aplicativos STI","26/09/2025 11:16"
"35",,,"<p class=""editor-paragraph""></p>",,"0","Marlon Sttefane Guimaraes Silva","20/10/2025 16:51","Aplicativos STI","26/09/2025 11:16"
"9","Outros",,,,"0","Alessandra Quezia Dornelas Santos","29/10/2025 16:12","Aplicativos STI","26/09/2025 11:16"
"34",,,"<p class=""editor-paragraph""></p>",,"0","Marlon Sttefane Guimaraes Silva","20/10/2025 16:51","Aplicativos STI","26/09/2025 11:16"
"20",,,"<p class=""editor-paragraph""></p>",,"0","Marlon Sttefane Guimaraes Silva","20/10/2025 16:51","Aplicativos STI","26/09/2025 11:16"
"7","Tratamento das demandas",,"<p class=""editor-paragraph""></p>",,"0","Marlon Sttefane Guimaraes Silva","20/10/2025 16:51","Aplicativos STI","26/09/2025 11:16"
"15","Tratamento das demandas",,"<p class=""editor-paragraph""><p>Considerando&#58;&#160;&#160;</p><p>&#160;</p><p>• O sentenciado encontra-se preso, condenado a 10 (dez) anos, 10 (dez) meses e 20 (vinte) dias de reclusão, em regime fechado e pagamento de indenização de&#160; 5 salários mínimos, a título de danos morais&#160;</p><p>• Não há pendências ou diligências remanescentes a serem realizadas pela Casa Lilian que exijam a manutenção do procedimento;&#160;</p><p>&#160;</p><p>Conclui-se que o presente procedimento deve ser encerrado com arquivamento dos autos, ressalvada eventual revisão penal ou outras medidas que possam ser suscitadas nos termos da legislação processual penal vigente.&#160;&#160;</p></p>",,"0","Marlon Sttefane Guimaraes Silva","20/10/2025 16:51","Aplicativos STI","26/09/2025 11:16"
"16",,,"<p class=""editor-paragraph""></p>",,"0","Marlon Sttefane Guimaraes Silva","20/10/2025 16:51","Aplicativos STI","26/09/2025 11:16"
"18","Tratamento das demandas",,"<p class=""editor-paragraph""></p>","27/08/2025","0","Nathani Rodrigues Lourenco Marcolino","28/11/2025 11:09","Aplicativos STI","26/09/2025 11:16"
"10","Perda de contato",,"<p class=""editor-paragraph""></p>",,"0","Marlon Sttefane Guimaraes Silva","20/10/2025 16:51","Aplicativos STI","26/09/2025 11:16"
"55",,,"<p class=""editor-paragraph""></p>",,"0","Marlon Sttefane Guimaraes Silva","20/10/2025 16:51","Aplicativos STI","26/09/2025 11:16"
"26",,,"<p class=""editor-paragraph""></p>",,"0","Marlon Sttefane Guimaraes Silva","20/10/2025 16:51","Aplicativos STI","26/09/2025 11:16"
"43","Tratamento das demandas",,"<p class=""editor-paragraph""><p>A vítima indireta foi atendida e acompanhada, com a construção de seu PAV e a realização de orientações e encaminhamentos. O processo que a neta figurava como vítima teve sentença condenatória, com isso, a vítima não apresentou mais demandas. No entanto a vítima figurava como ré, movidas pelo agressor da neta, motivo pelo qual ela demandou novas orientações. Nesse sentido, também ocorreu comunicação com a Promotoria natural da queixa-crime, momento em que foram encaminhadas informações pertinentes ao processo de estupro de vulnerável.</p><p>&#160;</p><p>Atualmente, a vítima se encontra devidamente acompanhada na rede de saúde local, bem como está assistida em ambos os processos ajuizados contra si. Nesse sentido, não apresenta novas demandas, sendo recomendado o encerramento deste procedimento.</p><p>&#160;</p><p>Nesse sentido, em razão da resolutividade das demandas e autonomia que cabe à vítima, encerramos os contatos e nos disponibilizamos para retomar os atendimentos e os encaminhamentos, além de informar os canais de atendimento da Casa Lilian.</p></p>",,"0","Marlon Sttefane Guimaraes Silva","20/10/2025 16:51","Aplicativos STI","26/09/2025 11:17"
"130","Outros",,"<p class=""editor-paragraph""></p>",,"0","Alessandra Quezia Dornelas Santos","06/11/2025 14:12","Aplicativos STI","26/09/2025 11:17"
"255","Tratamento das demandas",,"<p class=""editor-paragraph""></p>",,"0","Marlon Sttefane Guimaraes Silva","20/10/2025 16:53","Aplicativos STI","26/09/2025 11:17"
"93","Outros",,"<p class=""editor-paragraph""></p>",,"0","Alessandra Quezia Dornelas Santos","31/10/2025 14:53","Aplicativos STI","26/09/2025 11:17"
"143",,,"<p class=""editor-paragraph""></p>",,"0","Marlon Sttefane Guimaraes Silva","20/10/2025 16:52","Aplicativos STI","26/09/2025 11:17"
"88",,,"<p class=""editor-paragraph""></p>",,"0","Marlon Sttefane Guimaraes Silva","20/10/2025 16:52","Aplicativos STI","26/09/2025 11:17"
"97",,,"<p class=""editor-paragraph""></p>",,"0","Marlon Sttefane Guimaraes Silva","20/10/2025 16:52","Aplicativos STI","26/09/2025 11:17"
"96","Outros",,"<p class=""editor-paragraph""></p>",,"0","Alessandra Quezia Dornelas Santos","31/10/2025 15:27","Aplicativos STI","26/09/2025 11:17"
"85","Outros",,"<p class=""editor-paragraph""></p>",,"0","Alessandra Quezia Dornelas Santos","30/10/2025 16:46","Aplicativos STI","26/09/2025 11:17"
"138",,,"<p class=""editor-paragraph""></p>",,"0","Marlon Sttefane Guimaraes Silva","20/10/2025 16:52","Aplicativos STI","26/09/2025 11:17"
"89",,,"<p class=""editor-paragraph""></p>",,"0","Marlon Sttefane Guimaraes Silva","20/10/2025 16:52","Aplicativos STI","26/09/2025 11:17"
"63",,,"<p class=""editor-paragraph""></p>",,"0","Marlon Sttefane Guimaraes Silva","20/10/2025 16:52","Aplicativos STI","26/09/2025 11:17"
"57","Outros",,"<p class=""editor-paragraph""></p>",,"0","Marlon Sttefane Guimaraes Silva","20/10/2025 16:51","Aplicativos STI","26/09/2025 11:17"
"169","Outros",,"<p class=""editor-paragraph""></p>",,"0","Alessandra Quezia Dornelas Santos","07/11/2025 14:27","Aplicativos STI","26/09/2025 11:17"
"146",,,"<p class=""editor-paragraph""></p>",,"0","Marlon Sttefane Guimaraes Silva","20/10/2025 16:52","Aplicativos STI","26/09/2025 11:17"
"56","Outros",,"<p class=""editor-paragraph""></p>",,"0","Alessandra Quezia Dornelas Santos","31/10/2025 14:21","Aplicativos STI","26/09/2025 11:17"
"139",,,"<p class=""editor-paragraph""></p>",,"0","Marlon Sttefane Guimaraes Silva","20/10/2025 16:52","Aplicativos STI","26/09/2025 11:17"
"113","Tratamento das demandas",,"<p class=""editor-paragraph""></p>",,"0","Marlon Sttefane Guimaraes Silva","20/10/2025 16:52","Aplicativos STI","26/09/2025 11:18"
"135","Outros",,"<p class=""editor-paragraph""></p>",,"0","Alessandra Quezia Dornelas Santos","06/11/2025 14:25","Aplicativos STI","26/09/2025 11:18"
"107",,,"<p class=""editor-paragraph""></p>",,"0","Marlon Sttefane Guimaraes Silva","20/10/2025 16:52","Aplicativos STI","26/09/2025 11:18"
"92",,,"<p class=""editor-paragraph""></p>",,"0","Marlon Sttefane Guimaraes Silva","20/10/2025 16:52","Aplicativos STI","26/09/2025 11:18"
"189",,,"<p class=""editor-paragraph""></p>",,"0","Marlon Sttefane Guimaraes Silva","20/10/2025 16:53","Aplicativos STI","26/09/2025 11:18"
"197",,,"<p class=""editor-paragraph""></p>",,"0","Marlon Sttefane Guimaraes Silva","20/10/2025 16:53","Aplicativos STI","26/09/2025 11:18"
"288",,,"<p class=""editor-paragraph""></p>",,"0","Marlon Sttefane Guimaraes Silva","20/10/2025 16:53","Aplicativos STI","26/09/2025 11:18"
"235",,,"<p class=""editor-paragraph""></p>",,"0","Marlon Sttefane Guimaraes Silva","20/10/2025 16:53","Aplicativos STI","26/09/2025 11:18"
"213",,,"<p class=""editor-paragraph""></p>",,"0","Marlon Sttefane Guimaraes Silva","20/10/2025 16:53","Aplicativos STI","26/09/2025 11:18"
"156","Tratamento das demandas;Perda de contato",,"<p>Durante o período de acompanhamento do caso foram realizados atendimentos multidisciplinares, ofertando orientações processuais e&#160; suporte psicológico. Foram realizadas articulações para inserção na rede de saúde. Relata que os vínculos familiares estão mais reestabelecidos e informou que está em acompanhamento na rede de saúde e as demandas relacionadas as informações do processo de pensão estão sendo dialogadas com o a promotora natural, que vem mantendo a vítima informada.&#160;</p>","18/11/2025","0","Juliana Marques Resende","18/11/2025 14:56","Aplicativos STI","26/09/2025 11:18"
"91",,,"<p class=""editor-paragraph""></p>",,"0","Marlon Sttefane Guimaraes Silva","20/10/2025 16:52","Aplicativos STI","26/09/2025 11:18"
"61",,,"<p class=""editor-paragraph""></p>",,"0","Marlon Sttefane Guimaraes Silva","20/10/2025 16:51","Aplicativos STI","26/09/2025 11:18"
"292",,,"<p class=""editor-paragraph""></p>",,"0","Marlon Sttefane Guimaraes Silva","20/10/2025 16:53","Aplicativos STI","26/09/2025 11:18"
"98",,,"<p class=""editor-paragraph""></p>",,"0","Marlon Sttefane Guimaraes Silva","20/10/2025 16:52","Aplicativos STI","26/09/2025 11:18"
"73","Voluntariedade/Recusa de atendimento;Perda de contato",,"<p class=""editor-paragraph""></p>","18/06/2025","0","Nathani Rodrigues Lourenco Marcolino","05/11/2025 11:43","Aplicativos STI","26/09/2025 11:18"
"64","Tratamento das demandas",,"<p class=""editor-paragraph""><p>Foi realizado o encerramento do acompanhamento do caso pois foi concluído, em conjunto com a vítima, de que não há mais demandas relacionadas ao fato vitimizador que trouxe a vítima a esse serviço. No entanto, ressaltamos que nossos canais de contato continuam à disposição, e que poderá agendar novos atendimentos sempre que necessário.</p></p>",,"0","Marlon Sttefane Guimaraes Silva","20/10/2025 16:52","Aplicativos STI","26/09/2025 11:18"
"90",,,"<p class=""editor-paragraph""></p>",,"0","Marlon Sttefane Guimaraes Silva","20/10/2025 16:52","Aplicativos STI","26/09/2025 11:18"
"79",,,"<p class=""editor-paragraph""></p>",,"0","Marlon Sttefane Guimaraes Silva","20/10/2025 16:52","Aplicativos STI","26/09/2025 11:18"
"100",,,"<p class=""editor-paragraph""></p>",,"0","Marlon Sttefane Guimaraes Silva","20/10/2025 16:52","Aplicativos STI","26/09/2025 11:18"
"68",,,"<p class=""editor-paragraph""></p>",,"0","Marlon Sttefane Guimaraes Silva","20/10/2025 16:52","Aplicativos STI","26/09/2025 11:18"
"51","Outros",,"<p class=""editor-paragraph""></p>",,"0","Marlon Sttefane Guimaraes Silva","20/10/2025 16:51","Aplicativos STI","26/09/2025 11:18"
"297","Outros",,"<p class=""editor-paragraph""></p>",,"0","Alessandra Quezia Dornelas Santos","13/11/2025 15:55","Aplicativos STI","26/09/2025 11:18"
"99",,,"<p class=""editor-paragraph""></p>",,"0","Marlon Sttefane Guimaraes Silva","20/10/2025 16:52","Aplicativos STI","26/09/2025 11:18"
"67","Morte;",,"<p class=""editor-paragraph""></p>",,"0","Nathani Rodrigues Lourenco Marcolino","28/11/2025 14:33","Aplicativos STI","26/09/2025 11:18"
"78","Tratamento das demandas",,"<p class=""editor-paragraph""></p>",,"0","Marlon Sttefane Guimaraes Silva","20/10/2025 16:52","Aplicativos STI","26/09/2025 11:18"
"52",,,"<p class=""editor-paragraph""></p>",,"0","Marlon Sttefane Guimaraes Silva","20/10/2025 16:51","Aplicativos STI","26/09/2025 11:18"
"59","Tratamento das demandas",,"<p class=""editor-paragraph""><p>O Círculo de Construção cumpriu seu objetivo, conforme Plano de Ação Resultante da Prática Restaurativa (COMPOR).&#160;</p></p>",,"0","Marlon Sttefane Guimaraes Silva","20/10/2025 16:51","Aplicativos STI","26/09/2025 11:18"
"66",,,"<p class=""editor-paragraph""></p>",,"0","Marlon Sttefane Guimaraes Silva","20/10/2025 16:52","Aplicativos STI","26/09/2025 11:18"
"84","Perda de contato",,"<p class=""editor-paragraph""></p>",,"0","Marlon Sttefane Guimaraes Silva","20/10/2025 16:52","Aplicativos STI","26/09/2025 11:18"
"148",,,"<p class=""editor-paragraph""></p>",,"0","Marlon Sttefane Guimaraes Silva","20/10/2025 16:52","Aplicativos STI","26/09/2025 11:18"
"71","Tratamento das demandas",,"<p class=""editor-paragraph""><p>O Círculo de Construção cumpriu seu objetivo, conforme Plano de Ação Resultante da Prática Restaurativa (COMPOR).&#160;</p></p>",,"0","Marlon Sttefane Guimaraes Silva","20/10/2025 16:52","Aplicativos STI","26/09/2025 11:18"
"117",,,"<p class=""editor-paragraph""></p>",,"0","Marlon Sttefane Guimaraes Silva","20/10/2025 16:52","Aplicativos STI","26/09/2025 11:18"
"53","Outros",,"<p class=""editor-paragraph""></p>",,"0","Alessandra Quezia Dornelas Santos","31/10/2025 15:38","Aplicativos STI","26/09/2025 11:18"
"125",,,"<p class=""editor-paragraph""></p>",,"0","Marlon Sttefane Guimaraes Silva","20/10/2025 16:52","Aplicativos STI","26/09/2025 11:18"
"123",,,"<p class=""editor-paragraph""></p>",,"0","Marlon Sttefane Guimaraes Silva","20/10/2025 16:52","Aplicativos STI","26/09/2025 11:18"
"114",,,"<p class=""editor-paragraph""></p>",,"0","Marlon Sttefane Guimaraes Silva","20/10/2025 16:52","Aplicativos STI","26/09/2025 11:18"
"87",,,"<p class=""editor-paragraph""></p>",,"0","Marlon Sttefane Guimaraes Silva","20/10/2025 16:52","Aplicativos STI","26/09/2025 11:18"
"58","Outros",,"<p class=""editor-paragraph""></p>",,"0","Alessandra Quezia Dornelas Santos","30/10/2025 14:31","Aplicativos STI","26/09/2025 11:18"
"111",,,"<p class=""editor-paragraph""></p>",,"0","Marlon Sttefane Guimaraes Silva","20/10/2025 16:52","Aplicativos STI","26/09/2025 11:18"
"128",,,"<p class=""editor-paragraph""></p>",,"0","Marlon Sttefane Guimaraes Silva","20/10/2025 16:52","Aplicativos STI","26/09/2025 11:19"
"86","Tratamento das demandas",,"<p class=""editor-paragraph""></p>",,"0","Marlon Sttefane Guimaraes Silva","20/10/2025 16:52","Aplicativos STI","26/09/2025 11:19"
"129",,,"<p class=""editor-paragraph""></p>",,"0","Marlon Sttefane Guimaraes Silva","20/10/2025 16:52","Aplicativos STI","26/09/2025 11:19"
"289",,,"<p class=""editor-paragraph""></p>",,"0","Marlon Sttefane Guimaraes Silva","20/10/2025 16:53","Aplicativos STI","26/09/2025 11:19"
"164","Outros",,"<p class=""editor-paragraph""></p>",,"0","Alessandra Quezia Dornelas Santos","13/11/2025 18:15","Aplicativos STI","26/09/2025 11:19"
"102",,,"<p class=""editor-paragraph""></p>",,"0","Marlon Sttefane Guimaraes Silva","20/10/2025 16:52","Aplicativos STI","26/09/2025 11:19"
"108",,,"<p class=""editor-paragraph""></p>",,"0","Marlon Sttefane Guimaraes Silva","20/10/2025 16:52","Aplicativos STI","26/09/2025 11:19"
"109","Tratamento das demandas",,"<p class=""editor-paragraph""><p>Parecer de encerramento. A principal demanda apresentada por Lanna foi em relação a morosidade do processo. O fato havia ocorrido em 2019,&#160; denuncia havia sido apresentada somente em 2023 e até o momento do primeiro atendimento iria acontecer não havia acontecido a audiência de instrução e julgamento. Desta forma, comprometemos a mantê-la informada sobre o processo&#160; de produzir um relatório multidisciplinar a partir do PAV, para encaminhamento de urgência ao Promotor natural. Por último, fomos informadas que foi proferida sentença condenatória e a vítima foi informada. Também foi ofertado atendimento a sua mãe. Lanna relata ter dificuldade de ser atendida devido aos traumas advindos da violência, é referenciada no CERSAM, mas também apresenta resistência ao acompanhamento de saúde mental. Foram feitas várias tentativas para adesão ao tratamento e aos atendimentos da Casa Lilian. Como a vítima não respondeu a essas tentativas e o processo foi finalizado em primeira instância, informamos que ela poderá solicitar atendimento quando avaliar necessário, mas que por hora encerraríamos os contatos. Caso relacionado&#58; Angela Maria Silva Carvalho (mãe).</p></p>",,"0","Marlon Sttefane Guimaraes Silva","20/10/2025 16:52","Aplicativos STI","26/09/2025 11:19"
"62",,,"<p class=""editor-paragraph""></p>",,"0","Marlon Sttefane Guimaraes Silva","20/10/2025 16:51","Aplicativos STI","26/09/2025 11:19"
"134",,,"<p class=""editor-paragraph""></p>",,"0","Marlon Sttefane Guimaraes Silva","20/10/2025 16:52","Aplicativos STI","26/09/2025 11:19"
"112",,,"<p class=""editor-paragraph""></p>",,"0","Marlon Sttefane Guimaraes Silva","20/10/2025 16:52","Aplicativos STI","26/09/2025 11:19"
"137",,,"<p class=""editor-paragraph""></p>",,"0","Marlon Sttefane Guimaraes Silva","20/10/2025 16:52","Aplicativos STI","26/09/2025 11:19"
"140","Voluntariedade/Recusa de atendimento",,"<p class=""editor-paragraph""></p>","20/02/2025","0","Nathani Rodrigues Lourenco Marcolino","05/11/2025 11:20","Aplicativos STI","26/09/2025 11:19"
"179","Tratamento das demandas",,"<p>Douglas não apresenta mais demandas no momento.</p>","08/01/2026","0","Juliana Marques Resende","09/01/2026 13:43","Aplicativos STI","26/09/2025 11:19"
"103",,,"<p class=""editor-paragraph""></p>",,"0","Marlon Sttefane Guimaraes Silva","20/10/2025 16:52","Aplicativos STI","26/09/2025 11:19"
"76","Perda de contato",,"<p class=""editor-paragraph""><p>Apesar do formulário ser enviado, não foi possível o contato. Foi realizado contato com a Promotoria de Piranga, que alega não conseguir o contato para repassar à Casa Lilian.</p></p>",,"0","Marlon Sttefane Guimaraes Silva","20/10/2025 16:52","Aplicativos STI","26/09/2025 11:19"
"277",,,"<p class=""editor-paragraph""></p>",,"0","Marlon Sttefane Guimaraes Silva","20/10/2025 16:53","Aplicativos STI","26/09/2025 11:19"
"118",,,"<p class=""editor-paragraph""></p>",,"0","Marlon Sttefane Guimaraes Silva","20/10/2025 16:52","Aplicativos STI","26/09/2025 11:19"
"237",,,"<p class=""editor-paragraph""></p>",,"0","Marlon Sttefane Guimaraes Silva","20/10/2025 16:53","Aplicativos STI","26/09/2025 11:19"
"271",,,"<p class=""editor-paragraph""></p>",,"0","Marlon Sttefane Guimaraes Silva","20/10/2025 16:53","Aplicativos STI","26/09/2025 11:19"
"258",,,"<p class=""editor-paragraph""></p>",,"0","Marlon Sttefane Guimaraes Silva","20/10/2025 16:53","Aplicativos STI","26/09/2025 11:19"
"136",,,"<p class=""editor-paragraph""></p>",,"0","Marlon Sttefane Guimaraes Silva","20/10/2025 16:52","Aplicativos STI","26/09/2025 11:19"
"70",,,"<p class=""editor-paragraph""></p>",,"0","Marlon Sttefane Guimaraes Silva","20/10/2025 16:52","Aplicativos STI","26/09/2025 11:19"
"162",,,"<p class=""editor-paragraph""></p>",,"0","Marlon Sttefane Guimaraes Silva","20/10/2025 16:52","Aplicativos STI","26/09/2025 11:19"
"190",,,"<p class=""editor-paragraph""></p>",,"0","Marlon Sttefane Guimaraes Silva","20/10/2025 16:53","Aplicativos STI","26/09/2025 11:19"
"126",,,"<p class=""editor-paragraph""></p>",,"0","Marlon Sttefane Guimaraes Silva","20/10/2025 16:52","Aplicativos STI","26/09/2025 11:19"
"261",,,"<p class=""editor-paragraph""></p>",,"0","Marlon Sttefane Guimaraes Silva","20/10/2025 16:53","Aplicativos STI","26/09/2025 11:19"
"144",,,"<p class=""editor-paragraph""></p>",,"0","Marlon Sttefane Guimaraes Silva","20/10/2025 16:52","Aplicativos STI","26/09/2025 11:19"
"82",,,"<p class=""editor-paragraph""></p>",,"0","Marlon Sttefane Guimaraes Silva","20/10/2025 16:52","Aplicativos STI","26/09/2025 11:19"
"101","Perda de contato;Voluntariedade/Recusa de atendimento",,"<p class=""editor-paragraph""><p><span lang=""PT-BR"" style=""font-size&#58;12pt;"" class=""BCX2 SCXW102696142 TextRun""><span class=""BCX2 NormalTextRun SCXW102696142"">Em razão da autonomia que cabe à vítima </span><span class=""BCX2 ContextualSpellingAndGrammarErrorV2Themed NormalTextRun SCXW102696142"">1 ,</span><span class=""BCX2 NormalTextRun SCXW102696142""> em conjunto com a técnica responsável, Cláudia Natividade (assessora), decidiu-se por encerrar os contatos e, caso a vítima manifeste interesse, retomar os atendimentos e os encaminhamentos, além de informar os canais de atendimento da Casa Lilian. </span></span><span style=""font-size&#58;12pt;"" class=""BCX2 BlobObject DragDrop LineBreakBlob SCXW102696142""><span class=""BCX2 SCXW102696142"">&#160;</span></span><br class=""SCXW102696142 BCX2"">&#160;</p></p>",,"0","Marlon Sttefane Guimaraes Silva","20/10/2025 16:52","Aplicativos STI","26/09/2025 11:19"
"315",,,"<p class=""editor-paragraph""></p>",,"0","Marlon Sttefane Guimaraes Silva","20/10/2025 16:54","Aplicativos STI","26/09/2025 11:19"
"72","Outros",,"<p class=""editor-paragraph""><p>Encaminhado para continuidade do acompanhamento pela Faculdade Arnaldo.</p></p>",,"0","Marlon Sttefane Guimaraes Silva","20/10/2025 16:52","Aplicativos STI","26/09/2025 11:19"
"104",,,"<p class=""editor-paragraph""></p>",,"0","Marlon Sttefane Guimaraes Silva","20/10/2025 16:52","Aplicativos STI","26/09/2025 11:19"
"120",,,"<p class=""editor-paragraph""></p>",,"0","Marlon Sttefane Guimaraes Silva","20/10/2025 16:52","Aplicativos STI","26/09/2025 11:19"
"176",,,"<p class=""editor-paragraph""></p>",,"0","Marlon Sttefane Guimaraes Silva","20/10/2025 16:53","Aplicativos STI","26/09/2025 11:19"
"279",,,"<p class=""editor-paragraph""></p>",,"0","Marlon Sttefane Guimaraes Silva","20/10/2025 16:53","Aplicativos STI","26/09/2025 11:19"
"151","Outros",,"<p class=""editor-paragraph""></p>",,"0","Alessandra Quezia Dornelas Santos","06/11/2025 16:47","Aplicativos STI","26/09/2025 11:19"
"159",,,"<p class=""editor-paragraph""></p>",,"0","Marlon Sttefane Guimaraes Silva","20/10/2025 16:52","Aplicativos STI","26/09/2025 11:20"
"110","Outros",,"<p class=""editor-paragraph""></p>",,"0","Alessandra Quezia Dornelas Santos","31/10/2025 16:44","Aplicativos STI","26/09/2025 11:20"
"132",,,"<p class=""editor-paragraph""></p>",,"0","Marlon Sttefane Guimaraes Silva","20/10/2025 16:52","Aplicativos STI","26/09/2025 11:20"
"236",,,"<p class=""editor-paragraph""></p>",,"0","Marlon Sttefane Guimaraes Silva","20/10/2025 16:53","Aplicativos STI","26/09/2025 11:20"
"145",,,"<p class=""editor-paragraph""></p>",,"0","Marlon Sttefane Guimaraes Silva","20/10/2025 16:52","Aplicativos STI","26/09/2025 11:20"
"198",,,"<p class=""editor-paragraph""></p>",,"0","Marlon Sttefane Guimaraes Silva","20/10/2025 16:53","Aplicativos STI","26/09/2025 11:20"
"251",,,"<p class=""editor-paragraph""></p>",,"0","Marlon Sttefane Guimaraes Silva","20/10/2025 16:53","Aplicativos STI","26/09/2025 11:20"
"290",,,"<p class=""editor-paragraph""></p>",,"0","Marlon Sttefane Guimaraes Silva","20/10/2025 16:53","Aplicativos STI","26/09/2025 11:20"
"160",,,"<p class=""editor-paragraph""></p>",,"0","Marlon Sttefane Guimaraes Silva","20/10/2025 16:52","Aplicativos STI","26/09/2025 11:20"
"149",,,"<p class=""editor-paragraph""></p>",,"0","Marlon Sttefane Guimaraes Silva","20/10/2025 16:52","Aplicativos STI","26/09/2025 11:20"
"264","Tratamento das demandas",,"<p class=""editor-paragraph""></p>","18/06/2025","0","Nathani Rodrigues Lourenco Marcolino","04/11/2025 12:53","Aplicativos STI","26/09/2025 11:20"
"301",,,"<p class=""editor-paragraph""></p>",,"0","Marlon Sttefane Guimaraes Silva","20/10/2025 16:54","Aplicativos STI","26/09/2025 11:20"
"122",,,"<p class=""editor-paragraph""></p>",,"0","Marlon Sttefane Guimaraes Silva","20/10/2025 16:52","Aplicativos STI","26/09/2025 11:20"
"184",,,"<p class=""editor-paragraph""></p>",,"0","Marlon Sttefane Guimaraes Silva","20/10/2025 16:53","Aplicativos STI","26/09/2025 11:20"
"195",,,"<p class=""editor-paragraph""></p>",,"0","Marlon Sttefane Guimaraes Silva","20/10/2025 16:53","Aplicativos STI","26/09/2025 11:20"
"298",,,"<p class=""editor-paragraph""></p>",,"0","Marlon Sttefane Guimaraes Silva","20/10/2025 16:53","Aplicativos STI","26/09/2025 11:20"
"172",,,"<p class=""editor-paragraph""></p>",,"0","Marlon Sttefane Guimaraes Silva","20/10/2025 16:52","Aplicativos STI","26/09/2025 11:20"
"154",,,"<p class=""editor-paragraph""></p>",,"0","Marlon Sttefane Guimaraes Silva","20/10/2025 16:52","Aplicativos STI","26/09/2025 11:20"
"222",,,"<p class=""editor-paragraph""></p>",,"0","Marlon Sttefane Guimaraes Silva","20/10/2025 16:53","Aplicativos STI","26/09/2025 11:20"
"252",,,"<p class=""editor-paragraph""></p>",,"0","Marlon Sttefane Guimaraes Silva","20/10/2025 16:53","Aplicativos STI","26/09/2025 11:20"
"209",,,"<p class=""editor-paragraph""></p>",,"0","Marlon Sttefane Guimaraes Silva","20/10/2025 16:53","Aplicativos STI","26/09/2025 11:20"
"299","Outros",,"<p class=""editor-paragraph""></p>",,"0","Alessandra Quezia Dornelas Santos","13/11/2025 16:02","Aplicativos STI","26/09/2025 11:21"
"259",,,"<p class=""editor-paragraph""></p>",,"0","Marlon Sttefane Guimaraes Silva","20/10/2025 16:53","Aplicativos STI","26/09/2025 11:21"
"309",,,"<p class=""editor-paragraph""></p>",,"0","Marlon Sttefane Guimaraes Silva","20/10/2025 16:54","Aplicativos STI","26/09/2025 11:21"
"141",,,"<p class=""editor-paragraph""></p>",,"0","Marlon Sttefane Guimaraes Silva","20/10/2025 16:52","Aplicativos STI","26/09/2025 11:21"
"241",,,"<p class=""editor-paragraph""></p>",,"0","Marlon Sttefane Guimaraes Silva","20/10/2025 16:53","Aplicativos STI","26/09/2025 11:21"
"291","Outros",,"<p class=""editor-paragraph""></p>",,"0","Alessandra Quezia Dornelas Santos","13/11/2025 15:49","Aplicativos STI","26/09/2025 11:21"
"81","Tratamento das demandas",,"<p class=""editor-paragraph""><p>Com o retorno de Inclusão do adolescente (vítima direta) e familiares (vítimas indiretas) no Programa de Proteção à Criança e Adolescente Ameaçados de Morte, há a compreensão de que suas demandas estão sendo acompanhadas pelo Programa.&#160;&#160;</p></p>",,"0","Marlon Sttefane Guimaraes Silva","20/10/2025 16:52","Aplicativos STI","26/09/2025 15:16"
"131","Outros",,"<p class=""editor-paragraph""><p>Diante do atendimento e por entender que o caso se trata de violência doméstica, a senhora Aline será encaminhada para o CERNA . Para tanto, foi realizado contato com o serviço.</p></p>",,"0","Marlon Sttefane Guimaraes Silva","20/10/2025 16:52","Aplicativos STI","26/09/2025 15:16"
"332",,,"<p class=""editor-paragraph""></p>",,"0","Marlon Sttefane Guimaraes Silva","20/10/2025 16:54","Aplicativos STI","29/09/2025 10:34"
"341",,,"<p class=""editor-paragraph""></p>",,"0","Marlon Sttefane Guimaraes Silva","20/10/2025 16:54","Aplicativos STI","29/09/2025 10:34"
"344","Tratamento das demandas",,"<p class=""editor-paragraph"">A vítima demandou orientações jurídicas sobre o fato vivenciado, que foram prontamente atendidas e a posteriori não apresenta mais demandas.</p>","27/11/2025","0","Juliana Marques Resende","27/11/2025 15:01","Aplicativos STI","29/09/2025 10:34"
"167",,,"<p class=""editor-paragraph""></p>",,"0","Marlon Sttefane Guimaraes Silva","20/10/2025 16:52","Aplicativos STI","29/09/2025 10:34"
"367",,,"<p class=""editor-paragraph""></p>",,"0","Marlon Sttefane Guimaraes Silva","20/10/2025 16:54","Aplicativos STI","29/09/2025 10:34"
"217",,,"<p class=""editor-paragraph""></p>",,"0","Marlon Sttefane Guimaraes Silva","20/10/2025 16:53","Aplicativos STI","29/09/2025 10:35"
"339",,,"<p class=""editor-paragraph""></p>",,"0","Marlon Sttefane Guimaraes Silva","20/10/2025 16:54","Aplicativos STI","29/09/2025 10:35"
"343",,,"<p class=""editor-paragraph""></p>",,"0","Marlon Sttefane Guimaraes Silva","20/10/2025 16:54","Aplicativos STI","29/09/2025 10:35"
"334",,,"<p class=""editor-paragraph""></p>",,"0","Marlon Sttefane Guimaraes Silva","20/10/2025 16:54","Aplicativos STI","29/09/2025 10:35"
"336",,,"<p class=""editor-paragraph""></p>",,"0","Marlon Sttefane Guimaraes Silva","20/10/2025 16:54","Aplicativos STI","29/09/2025 10:35"
"328",,,"<p class=""editor-paragraph""></p>",,"0","Marlon Sttefane Guimaraes Silva","20/10/2025 16:54","Aplicativos STI","29/09/2025 10:36"
"358",,,"<p class=""editor-paragraph""></p>",,"0","Marlon Sttefane Guimaraes Silva","20/10/2025 16:54","Aplicativos STI","29/09/2025 10:36"
"335","Voluntariedade/Recusa de atendimento",,"<p class=""editor-paragraph"">Após tentativas de contato para remarcar atendimento e, sem resposta afirmativa da vítima, sugere-se arquivamento e retorno da deliberação para a promotora de justiça que encaminhou o caso para a Casa Lilian</p>","04/11/2025","0","Claudia Natividade","04/11/2025 18:31","Aplicativos STI","29/09/2025 10:36"
"340",,,"<p class=""editor-paragraph""></p>",,"0","Marlon Sttefane Guimaraes Silva","20/10/2025 16:54","Aplicativos STI","29/09/2025 10:36"
"65","Outros",,"<p class=""editor-paragraph""><p>A princípio, salvo melhor e posterior juízo, os conflitos instaurados entre a Sra Aline e o seu desafeto religioso não se enquadra no escopo de atuação deste Centro. No Atendimento, a Sra Aline compreende a nossa atuação e nos solicita que encaminhe as provas e fatos à promotoria criminal responsável, após o envio ao nosso email da Casa Lilian. Aguardamos ainda o recebimento desses documentos. O presente caso deve ser arquivado.</p></p>",,"0","Marlon Sttefane Guimaraes Silva","20/10/2025 16:52","Aplicativos STI","29/09/2025 11:23"
"186",,,"<p class=""editor-paragraph""></p>",,"0","Marlon Sttefane Guimaraes Silva","20/10/2025 16:01","Aplicativos STI","29/09/2025 11:23"
"155",,,"<p class=""editor-paragraph""></p>",,"0","Marlon Sttefane Guimaraes Silva","20/10/2025 16:00","Aplicativos STI","29/09/2025 11:23"
"191",,,"<p class=""editor-paragraph""></p>",,"0","Marlon Sttefane Guimaraes Silva","20/10/2025 16:01","Aplicativos STI","29/09/2025 11:23"
"181",,,"<p class=""editor-paragraph""></p>",,"0","Marlon Sttefane Guimaraes Silva","20/10/2025 16:01","Aplicativos STI","29/09/2025 11:23"
"150",,,"<p class=""editor-paragraph""></p>",,"0","Marlon Sttefane Guimaraes Silva","20/10/2025 16:52","Aplicativos STI","29/09/2025 11:23"
"147",,,"<p class=""editor-paragraph""></p>",,"0","Marlon Sttefane Guimaraes Silva","20/10/2025 16:52","Aplicativos STI","29/09/2025 11:23"
"192",,,"<p class=""editor-paragraph""></p>",,"0","Marlon Sttefane Guimaraes Silva","20/10/2025 16:01","Aplicativos STI","29/09/2025 11:23"
"183",,,"<p class=""editor-paragraph""></p>",,"0","Marlon Sttefane Guimaraes Silva","20/10/2025 16:01","Aplicativos STI","29/09/2025 11:23"
"106",,,"<p class=""editor-paragraph""></p>",,"0","Marlon Sttefane Guimaraes Silva","20/10/2025 16:00","Aplicativos STI","29/09/2025 11:23"
"116","Outros","Demanda não é do escopo da Casa Lilian.","<p class=""editor-paragraph""><p>Em 17/09/24 foi realizada ligação telefônica com objetivo de triagem e vítima relata conflitos com vizinhos. Foi orientado de que a Casa Lilian não atende a tal demanda e o caso foi encerrado. Vítima envia um vídeo, no dia 27/09, elogiando políticos e, no dia 28/09, envia post com arrecadação de brinquedos para crianças.&#160;&#160;</p></p>",,"0","Marlon Sttefane Guimaraes Silva","20/10/2025 16:52","Aplicativos STI","29/09/2025 11:23"
"187","Outros",,"<p class=""editor-paragraph""></p>",,"0","Alessandra Quezia Dornelas Santos","07/11/2025 14:39","Aplicativos STI","29/09/2025 11:23"
"94",,,"<p class=""editor-paragraph""></p>",,"0","Marlon Sttefane Guimaraes Silva","20/10/2025 16:52","Aplicativos STI","29/09/2025 11:23"
"206","Outros",,"<p class=""editor-paragraph""></p>",,"0","Alessandra Quezia Dornelas Santos","07/11/2025 14:44","Aplicativos STI","29/09/2025 11:23"
"254",,,"<p class=""editor-paragraph""></p>",,"0","Marlon Sttefane Guimaraes Silva","20/10/2025 16:53","Aplicativos STI","29/09/2025 11:23"
"249",,,"<p class=""editor-paragraph""></p>",,"0","Marlon Sttefane Guimaraes Silva","20/10/2025 16:01","Aplicativos STI","29/09/2025 11:23"
"245",,,"<p class=""editor-paragraph""></p>",,"0","Marlon Sttefane Guimaraes Silva","20/10/2025 16:01","Aplicativos STI","29/09/2025 11:23"
"256",,,"<p class=""editor-paragraph""></p>",,"0","Marlon Sttefane Guimaraes Silva","20/10/2025 16:01","Aplicativos STI","29/09/2025 11:23"
"226",,,"<p class=""editor-paragraph""></p>",,"0","Marlon Sttefane Guimaraes Silva","20/10/2025 16:01","Aplicativos STI","29/09/2025 11:23"
"223",,,"<p class=""editor-paragraph""></p>",,"0","Marlon Sttefane Guimaraes Silva","20/10/2025 16:53","Aplicativos STI","29/09/2025 11:23"
"221","Outros",,"<p class=""editor-paragraph""></p>",,"0","Alessandra Quezia Dornelas Santos","07/11/2025 17:46","Aplicativos STI","29/09/2025 11:23"
"211","Outros",,"<p class=""editor-paragraph""></p>",,"0","Alessandra Quezia Dornelas Santos","13/11/2025 18:44","Aplicativos STI","29/09/2025 11:23"
"247",,,"<p class=""editor-paragraph""></p>",,"0","Marlon Sttefane Guimaraes Silva","20/10/2025 16:01","Aplicativos STI","29/09/2025 11:23"
"214",,,"<p class=""editor-paragraph""></p>",,"0","Marlon Sttefane Guimaraes Silva","20/10/2025 16:53","Aplicativos STI","29/09/2025 11:23"
"272",,,"<p class=""editor-paragraph""></p>",,"0","Marlon Sttefane Guimaraes Silva","20/10/2025 16:53","Aplicativos STI","29/09/2025 11:23"
"323",,,"<p class=""editor-paragraph""></p>",,"0","Marlon Sttefane Guimaraes Silva","20/10/2025 16:54","Aplicativos STI","29/09/2025 11:23"
"320","Tratamento das demandas",,"<p class=""editor-paragraph""></p>",,"0","Juliana Marques Resende","01/12/2025 14:59","Aplicativos STI","29/09/2025 11:23"
"324","Voluntariedade/Recusa de atendimento;Perda de contato",,"<p class=""editor-paragraph""></p>","29/10/2025","0","Gabriela Dantas Rubal","29/10/2025 14:52","Aplicativos STI","29/09/2025 11:23"
"295","Mudança de localidade",,"<p class=""editor-paragraph""></p>",,"0","Juliana Marques Resende","14/11/2025 18:09","Aplicativos STI","29/09/2025 11:23"
"205",,,"<p class=""editor-paragraph""></p>",,"0","Marlon Sttefane Guimaraes Silva","20/10/2025 16:53","Aplicativos STI","29/09/2025 11:23"
"119",,,"<p class=""editor-paragraph""></p>",,"0","Marlon Sttefane Guimaraes Silva","20/10/2025 16:00","Aplicativos STI","29/09/2025 11:23"
"193",,,"<p class=""editor-paragraph""></p>",,"0","Marlon Sttefane Guimaraes Silva","20/10/2025 16:01","Aplicativos STI","29/09/2025 11:23"
"127",,,"<p class=""editor-paragraph""></p>",,"0","Marlon Sttefane Guimaraes Silva","20/10/2025 16:00","Aplicativos STI","29/09/2025 11:23"
"124",,,"<p class=""editor-paragraph""></p>",,"0","Marlon Sttefane Guimaraes Silva","20/10/2025 16:00","Aplicativos STI","29/09/2025 11:23"
"121",,,"<p class=""editor-paragraph""></p>",,"0","Marlon Sttefane Guimaraes Silva","20/10/2025 16:52","Aplicativos STI","29/09/2025 11:23"
"276",,,"<p class=""editor-paragraph""></p>",,"0","Marlon Sttefane Guimaraes Silva","20/10/2025 16:01","Aplicativos STI","29/09/2025 11:23"
"316",,,"<p class=""editor-paragraph""></p>",,"0","Marlon Sttefane Guimaraes Silva","20/10/2025 16:02","Aplicativos STI","29/09/2025 11:23"
"115",,,"<p class=""editor-paragraph""></p>",,"0","Marlon Sttefane Guimaraes Silva","20/10/2025 16:52","Aplicativos STI","29/09/2025 11:23"
"345",,,"<p class=""editor-paragraph""></p>",,"0","Marlon Sttefane Guimaraes Silva","20/10/2025 16:02","Aplicativos STI","29/09/2025 11:23"
"280",,,"<p class=""editor-paragraph""></p>",,"0","Marlon Sttefane Guimaraes Silva","20/10/2025 16:01","Aplicativos STI","29/09/2025 11:23"
"286",,,"<p class=""editor-paragraph""></p>",,"0","Marlon Sttefane Guimaraes Silva","20/10/2025 16:01","Aplicativos STI","29/09/2025 11:23"
"105",,,"<p class=""editor-paragraph""></p>",,"0","Marlon Sttefane Guimaraes Silva","20/10/2025 16:00","Aplicativos STI","29/09/2025 11:24"
"75",,,"<p class=""editor-paragraph""></p>",,"0","Marlon Sttefane Guimaraes Silva","20/10/2025 16:52","Aplicativos STI","29/09/2025 11:24"
"388",,,"<p class=""editor-paragraph""></p>",,"0","Marlon Sttefane Guimaraes Silva","20/10/2025 16:02","Aplicativos STI","29/09/2025 11:24"
"170",,,"<p class=""editor-paragraph""></p>",,"0","Marlon Sttefane Guimaraes Silva","20/10/2025 16:01","Aplicativos STI","29/09/2025 11:24"
"175",,,"<p class=""editor-paragraph""></p>",,"0","Marlon Sttefane Guimaraes Silva","20/10/2025 16:01","Aplicativos STI","29/09/2025 11:24"
"168",,,"<p class=""editor-paragraph""></p>",,"0","Marlon Sttefane Guimaraes Silva","20/10/2025 16:01","Aplicativos STI","29/09/2025 11:24"
"194",,,"<p class=""editor-paragraph""></p>",,"0","Marlon Sttefane Guimaraes Silva","20/10/2025 16:01","Aplicativos STI","29/09/2025 11:24"
"178",,,"<p class=""editor-paragraph""></p>",,"0","Marlon Sttefane Guimaraes Silva","20/10/2025 16:01","Aplicativos STI","29/09/2025 11:24"
"165",,,"<p class=""editor-paragraph""></p>",,"0","Marlon Sttefane Guimaraes Silva","20/10/2025 16:52","Aplicativos STI","29/09/2025 11:24"
"163",,,"<p class=""editor-paragraph""></p>",,"0","Marlon Sttefane Guimaraes Silva","20/10/2025 16:01","Aplicativos STI","29/09/2025 11:24"
"362",,,"<p class=""editor-paragraph""></p>",,"0","Marlon Sttefane Guimaraes Silva","20/10/2025 16:54","Aplicativos STI","29/09/2025 11:24"
"201",,,"<p class=""editor-paragraph""></p>",,"0","Marlon Sttefane Guimaraes Silva","20/10/2025 16:01","Aplicativos STI","29/09/2025 11:24"
"152",,,"<p class=""editor-paragraph""></p>",,"0","Marlon Sttefane Guimaraes Silva","20/10/2025 16:00","Aplicativos STI","29/09/2025 11:24"
"318","Outros","Fora do escopo da Casa Lilian e atendida a demanda da vítima acerca de informação e conhecimento sobre questões jurídico-processuais.","<p class=""editor-paragraph"">A vítima relatou situação de violência doméstica, fora do escopo de atuação da Casa Lilian. Considerando a vitimização e a principal demanda relatada, que foi a de informação e conhecimento, ante aos conflitos jurídicos enfrentados, foram elucidadas dúvidas e foi enviado material de apoio.</p>",,"0","Layla Andrade Barros Moreira","18/11/2025 16:17","Aplicativos STI","29/09/2025 11:24"
"270","Outros",,"<p class=""editor-paragraph""></p>",,"0","Alessandra Quezia Dornelas Santos","10/11/2025 14:17","Aplicativos STI","29/09/2025 11:24"
"240",,,"<p class=""editor-paragraph""></p>",,"0","Marlon Sttefane Guimaraes Silva","20/10/2025 16:53","Aplicativos STI","29/09/2025 11:24"
"180",,,"<p class=""editor-paragraph""></p>",,"0","Marlon Sttefane Guimaraes Silva","20/10/2025 16:53","Aplicativos STI","29/09/2025 11:24"
"158",,,"<p class=""editor-paragraph""></p>",,"0","Marlon Sttefane Guimaraes Silva","20/10/2025 16:00","Aplicativos STI","29/09/2025 11:24"
"185",,,"<p class=""editor-paragraph""></p>",,"0","Marlon Sttefane Guimaraes Silva","20/10/2025 16:01","Aplicativos STI","29/09/2025 11:24"
"196",,,"<p class=""editor-paragraph""></p>",,"0","Marlon Sttefane Guimaraes Silva","20/10/2025 16:01","Aplicativos STI","29/09/2025 11:24"
"188",,,"<p class=""editor-paragraph""></p>",,"0","Marlon Sttefane Guimaraes Silva","20/10/2025 16:53","Aplicativos STI","29/09/2025 11:24"
"200",,,"<p class=""editor-paragraph""></p>",,"0","Marlon Sttefane Guimaraes Silva","20/10/2025 16:01","Aplicativos STI","29/09/2025 11:24"
"142","Outros",,"<p class=""editor-paragraph""></p>",,"0","Alessandra Quezia Dornelas Santos","06/11/2025 15:23","Aplicativos STI","29/09/2025 11:24"
"203","Outros","Conforme relato e parecer","<p>Ante todo o exposto, informa-se que equipe técnica da Casa Lilian sempre se disponibilizou para atendimento de Carlos Botelho e familiares, que foram orientados sobre a metodologia de atendimento pela equipe multidisciplinar, que não aderiu aos atendimentos ofertados sem a presença da Promotora. Diante das situações de recusa de atendimento pela equipe técnica e manutenção do comportamento de perseguição/ stalker, conclui-se não ser possível que esta equipe continue acompanhando o referido caso.</p>","30/10/2025","0","Juliana Marques Resende","04/11/2025 19:21","Aplicativos STI","29/09/2025 11:24"
"182",,,"<p class=""editor-paragraph""></p>",,"0","Marlon Sttefane Guimaraes Silva","20/10/2025 16:01","Aplicativos STI","29/09/2025 11:24"
"199",,,"<p class=""editor-paragraph""></p>",,"0","Marlon Sttefane Guimaraes Silva","20/10/2025 16:53","Aplicativos STI","29/09/2025 11:24"
"218",,,"<p class=""editor-paragraph""></p>",,"0","Marlon Sttefane Guimaraes Silva","20/10/2025 16:53","Aplicativos STI","29/09/2025 11:24"
"174",,,"<p class=""editor-paragraph""></p>",,"0","Marlon Sttefane Guimaraes Silva","20/10/2025 16:01","Aplicativos STI","29/09/2025 11:24"
"380","Perda de contato",,"<p class=""editor-paragraph""></p>",,"0","Juliana Marques Resende","11/12/2025 16:06","Aplicativos STI","29/09/2025 11:24"
"357",,,"<p class=""editor-paragraph""></p>",,"0","Marlon Sttefane Guimaraes Silva","20/10/2025 16:54","Aplicativos STI","29/09/2025 11:24"
"349",,,"<p class=""editor-paragraph""></p>",,"0","Marlon Sttefane Guimaraes Silva","20/10/2025 16:54","Aplicativos STI","29/09/2025 11:24"
"161",,,"<p class=""editor-paragraph""></p>",,"0","Marlon Sttefane Guimaraes Silva","20/10/2025 16:52","Aplicativos STI","29/09/2025 11:24"
"202",,,"<p class=""editor-paragraph""></p>",,"0","Marlon Sttefane Guimaraes Silva","20/10/2025 16:01","Aplicativos STI","29/09/2025 11:24"
"311",,,"<p class=""editor-paragraph""></p>",,"0","Marlon Sttefane Guimaraes Silva","20/10/2025 16:02","Aplicativos STI","29/09/2025 11:24"
"153","Outros;Voluntariedade/Recusa de atendimento",,"<p class=""editor-paragraph"">Nesta data, foi enviada mensagem para Luana disponibilizando os canais de contato da Casa Lilian e link do formulário caso deseje ser atendida novamente. Ainda foi enviado a Cartilha da Casa Lilian.</p>",,"0","Gabriela Dantas Rubal","11/12/2025 18:06","Aplicativos STI","29/09/2025 11:24"
"399",,,"<p class=""editor-paragraph""></p>",,"0","Marlon Sttefane Guimaraes Silva","20/10/2025 16:54","Aplicativos STI","29/09/2025 11:24"
"342",,,"<p class=""editor-paragraph""></p>",,"0","Marlon Sttefane Guimaraes Silva","20/10/2025 16:02","Aplicativos STI","29/09/2025 11:24"
"204",,,"<p class=""editor-paragraph""></p>",,"0","Marlon Sttefane Guimaraes Silva","20/10/2025 16:53","Aplicativos STI","29/09/2025 11:24"
"212","Outros",,"<p class=""editor-paragraph""></p>",,"0","Alessandra Quezia Dornelas Santos","07/11/2025 15:56","Aplicativos STI","29/09/2025 11:24"
"244","Outros",,"<p class=""editor-paragraph""></p>",,"0","Alessandra Quezia Dornelas Santos","10/11/2025 13:20","Aplicativos STI","29/09/2025 11:24"
"263",,,"<p class=""editor-paragraph""></p>",,"0","Marlon Sttefane Guimaraes Silva","20/10/2025 16:53","Aplicativos STI","29/09/2025 11:24"
"228",,,"<p class=""editor-paragraph""></p>",,"0","Marlon Sttefane Guimaraes Silva","20/10/2025 16:53","Aplicativos STI","29/09/2025 11:24"
"231",,,"<p class=""editor-paragraph""></p>",,"0","Marlon Sttefane Guimaraes Silva","20/10/2025 16:01","Aplicativos STI","29/09/2025 11:24"
"268",,,"<p class=""editor-paragraph""></p>",,"0","Marlon Sttefane Guimaraes Silva","20/10/2025 16:01","Aplicativos STI","29/09/2025 11:24"
"267",,,"<p class=""editor-paragraph""></p>",,"0","Marlon Sttefane Guimaraes Silva","20/10/2025 16:53","Aplicativos STI","29/09/2025 11:24"
"260",,,"<p class=""editor-paragraph""></p>",,"0","Marlon Sttefane Guimaraes Silva","20/10/2025 16:01","Aplicativos STI","29/09/2025 11:24"
"250","Outros",,"<p class=""editor-paragraph""></p>",,"0","Alessandra Quezia Dornelas Santos","10/11/2025 13:49","Aplicativos STI","29/09/2025 11:24"
"219","Outros",,"<p class=""editor-paragraph""></p>",,"0","Alessandra Quezia Dornelas Santos","07/11/2025 17:37","Aplicativos STI","29/09/2025 11:24"
"246",,,"<p class=""editor-paragraph""></p>",,"0","Marlon Sttefane Guimaraes Silva","20/10/2025 16:01","Aplicativos STI","29/09/2025 11:24"
"382",,,"<p class=""editor-paragraph""></p>",,"0","Marlon Sttefane Guimaraes Silva","20/10/2025 16:02","Aplicativos STI","29/09/2025 11:24"
"266",,,"<p class=""editor-paragraph""></p>",,"0","Marlon Sttefane Guimaraes Silva","20/10/2025 16:53","Aplicativos STI","29/09/2025 11:24"
"265",,,"<p class=""editor-paragraph""></p>",,"0","Marlon Sttefane Guimaraes Silva","20/10/2025 16:53","Aplicativos STI","29/09/2025 11:25"
"287","Outros",,"<p class=""editor-paragraph""></p>",,"0","Alessandra Quezia Dornelas Santos","10/11/2025 14:49","Aplicativos STI","29/09/2025 11:25"
"300",,,"<p class=""editor-paragraph""></p>",,"0","Marlon Sttefane Guimaraes Silva","20/10/2025 16:02","Aplicativos STI","29/09/2025 11:25"
"229",,,"<p class=""editor-paragraph""></p>",,"0","Marlon Sttefane Guimaraes Silva","20/10/2025 16:53","Aplicativos STI","29/09/2025 11:25"
"257",,,"<p class=""editor-paragraph""></p>",,"0","Marlon Sttefane Guimaraes Silva","20/10/2025 16:53","Aplicativos STI","29/09/2025 11:25"
"398",,,"<p class=""editor-paragraph""></p>",,"0","Marlon Sttefane Guimaraes Silva","20/10/2025 16:02","Aplicativos STI","29/09/2025 11:25"
"166","Outros",,"<p class=""editor-paragraph""></p>",,"0","Alessandra Quezia Dornelas Santos","13/11/2025 18:26","Aplicativos STI","29/09/2025 11:25"
"329",,,"<p class=""editor-paragraph""></p>",,"0","Marlon Sttefane Guimaraes Silva","20/10/2025 16:54","Aplicativos STI","29/09/2025 11:25"
"278",,,"<p class=""editor-paragraph""></p>",,"0","Marlon Sttefane Guimaraes Silva","20/10/2025 16:01","Aplicativos STI","29/09/2025 11:25"
"224","Perda de contato;Voluntariedade/Recusa de atendimento",,"<p class=""editor-paragraph""></p>",,"0","Marlon Sttefane Guimaraes Silva","20/10/2025 16:53","Aplicativos STI","29/09/2025 11:25"
"359",,,"<p class=""editor-paragraph""></p>",,"0","Marlon Sttefane Guimaraes Silva","20/10/2025 16:02","Aplicativos STI","29/09/2025 11:25"
"283",,,"<p class=""editor-paragraph""></p>",,"0","Marlon Sttefane Guimaraes Silva","20/10/2025 16:01","Aplicativos STI","29/09/2025 11:25"
"230","Tratamento das demandas;Inserção na rede",,"<p class=""editor-paragraph"">Inserida no Mapa do Acolhimento para acompanhamento psicológico. Não apresenta mais demandas.<br>Foi orientada que se necessário poderá nos acionar a qualquer momento.&#160;</p>",,"0","Juliana Marques Resende","18/11/2025 18:32","Aplicativos STI","29/09/2025 11:25"
"325",,,"<p class=""editor-paragraph""></p>",,"0","Marlon Sttefane Guimaraes Silva","20/10/2025 16:02","Aplicativos STI","29/09/2025 11:25"
"337",,,"<p class=""editor-paragraph""></p>",,"0","Marlon Sttefane Guimaraes Silva","20/10/2025 16:54","Aplicativos STI","29/09/2025 11:25"
"304",,,"<p class=""editor-paragraph""></p>",,"0","Marlon Sttefane Guimaraes Silva","20/10/2025 16:02","Aplicativos STI","29/09/2025 11:25"
"364",,,"<p class=""editor-paragraph""></p>",,"0","Marlon Sttefane Guimaraes Silva","20/10/2025 16:54","Aplicativos STI","29/09/2025 11:25"
"177",,,"<p class=""editor-paragraph""></p>",,"0","Marlon Sttefane Guimaraes Silva","20/10/2025 16:53","Aplicativos STI","29/09/2025 11:25"
"248","Outros",,"<p class=""editor-paragraph""></p>",,"0","Alessandra Quezia Dornelas Santos","10/11/2025 13:35","Aplicativos STI","29/09/2025 11:25"
"333","Tratamento das demandas",,"<p class=""editor-paragraph"">Diante das ultimas&#160; informações recebidas do Hospital João XXIII, foi realizado contato com a família que relatou estar orientada em relação a alta e retornos e que no momento não tem outras demandas. Nos colocamos à disposição, caso necessitem.&#160;</p>",,"0","Juliana Marques Resende","25/11/2025 16:49","Aplicativos STI","29/09/2025 11:25"
"376",,,"<p class=""editor-paragraph""></p>",,"0","Marlon Sttefane Guimaraes Silva","20/10/2025 16:02","Aplicativos STI","29/09/2025 11:25"
"269",,,"<p class=""editor-paragraph""></p>",,"0","Marlon Sttefane Guimaraes Silva","20/10/2025 16:01","Aplicativos STI","29/09/2025 11:25"
"293",,,"<p class=""editor-paragraph""></p>",,"0","Marlon Sttefane Guimaraes Silva","20/10/2025 16:02","Aplicativos STI","29/09/2025 11:25"
"317","Perda de contato",,"<p class=""editor-paragraph"">Foram realizadas várias tentativas de contato telefônico, envio de mensagem, mas sem retorno.</p>",,"0","Juliana Marques Resende","25/11/2025 14:44","Aplicativos STI","29/09/2025 11:25"
"392",,,"<p class=""editor-paragraph""></p>",,"0","Marlon Sttefane Guimaraes Silva","20/10/2025 16:02","Aplicativos STI","29/09/2025 11:25"
"384",,,"<p class=""editor-paragraph""></p>",,"0","Marlon Sttefane Guimaraes Silva","20/10/2025 16:02","Aplicativos STI","29/09/2025 11:25"
"326","Tratamento das demandas",,"<p class=""editor-paragraph"">Conforme último contato, as demandas foram tratadas e não apresenta novas demandas.</p>","09/12/2025","0","Juliana Marques Resende","09/12/2025 18:58","Aplicativos STI","29/09/2025 11:25"
"370",,,"<p class=""editor-paragraph""></p>",,"0","Marlon Sttefane Guimaraes Silva","20/10/2025 16:54","Aplicativos STI","29/09/2025 11:25"
"171",,,"<p class=""editor-paragraph""></p>",,"0","Marlon Sttefane Guimaraes Silva","20/10/2025 16:52","Aplicativos STI","29/09/2025 11:25"
"360",,,"<p class=""editor-paragraph""></p>",,"0","Marlon Sttefane Guimaraes Silva","20/10/2025 16:02","Aplicativos STI","29/09/2025 11:25"
"234",,,"<p class=""editor-paragraph""></p>",,"0","Marlon Sttefane Guimaraes Silva","20/10/2025 16:53","Aplicativos STI","29/09/2025 11:25"
"253","Outros",,"<p class=""editor-paragraph""></p>",,"0","Alessandra Quezia Dornelas Santos","10/11/2025 13:56","Aplicativos STI","29/09/2025 11:25"
"232",,,"<p class=""editor-paragraph""></p>",,"0","Marlon Sttefane Guimaraes Silva","20/10/2025 16:01","Aplicativos STI","29/09/2025 11:25"
"389",,,"<p class=""editor-paragraph""></p>",,"0","Marlon Sttefane Guimaraes Silva","20/10/2025 16:54","Aplicativos STI","29/09/2025 11:25"
"390",,,"<p class=""editor-paragraph""></p>",,"0","Marlon Sttefane Guimaraes Silva","20/10/2025 16:02","Aplicativos STI","29/09/2025 11:25"
"238","Tratamento das demandas",,"<p class=""editor-paragraph"">A vítima e familiares receberam orientações processuais e orientações diante do procedimento do juri. Também foram orientados em relação a identificação do corpo. Ela não apresenta novas demandas.</p>","24/11/2025","0","Juliana Marques Resende","24/11/2025 17:12","Aplicativos STI","29/09/2025 11:25"
"395",,,"<p class=""editor-paragraph""></p>",,"0","Marlon Sttefane Guimaraes Silva","20/10/2025 16:02","Aplicativos STI","29/09/2025 11:25"
"305",,,"<p class=""editor-paragraph""></p>",,"0","Marlon Sttefane Guimaraes Silva","20/10/2025 16:54","Aplicativos STI","29/09/2025 11:25"
"303",,,"<p class=""editor-paragraph""></p>",,"0","Marlon Sttefane Guimaraes Silva","20/10/2025 16:02","Aplicativos STI","29/09/2025 11:26"
"371",,,"<p class=""editor-paragraph""></p>",,"0","Marlon Sttefane Guimaraes Silva","20/10/2025 16:02","Aplicativos STI","29/09/2025 11:26"
"321",,,"<p class=""editor-paragraph""></p>",,"0","Marlon Sttefane Guimaraes Silva","20/10/2025 16:02","Aplicativos STI","29/09/2025 11:26"
"350",,,"<p class=""editor-paragraph""></p>",,"0","Marlon Sttefane Guimaraes Silva","20/10/2025 16:54","Aplicativos STI","29/09/2025 11:26"
"210","Outros",,"<p class=""editor-paragraph""></p>",,"0","Alessandra Quezia Dornelas Santos","07/11/2025 15:41","Aplicativos STI","29/09/2025 11:26"
"381",,,"<p class=""editor-paragraph""></p>",,"0","Marlon Sttefane Guimaraes Silva","20/10/2025 16:02","Aplicativos STI","29/09/2025 11:26"
"308","Outros",,"<p class=""editor-paragraph""></p>",,"0","Alessandra Quezia Dornelas Santos","13/11/2025 16:20","Aplicativos STI","29/09/2025 11:26"
"302","Voluntariedade/Recusa de atendimento;Perda de contato",,"<p class=""editor-paragraph""></p>",,"0","Gabriela Dantas Rubal","29/10/2025 15:04","Aplicativos STI","29/09/2025 11:26"
"307",,,"<p class=""editor-paragraph""></p>",,"0","Marlon Sttefane Guimaraes Silva","20/10/2025 16:02","Aplicativos STI","29/09/2025 11:26"
"354",,,"<p class=""editor-paragraph""></p>",,"0","Marlon Sttefane Guimaraes Silva","20/10/2025 16:02","Aplicativos STI","29/09/2025 11:26"
"338",,,"<p class=""editor-paragraph""></p>",,"0","Marlon Sttefane Guimaraes Silva","20/10/2025 16:54","Aplicativos STI","29/09/2025 11:26"
"385",,,"<p class=""editor-paragraph""></p>",,"0","Marlon Sttefane Guimaraes Silva","20/10/2025 16:02","Aplicativos STI","29/09/2025 11:26"
"373",,,"<p class=""editor-paragraph""></p>",,"0","Marlon Sttefane Guimaraes Silva","20/10/2025 16:02","Aplicativos STI","29/09/2025 11:26"
"322",,,"<p class=""editor-paragraph""></p>",,"0","Marlon Sttefane Guimaraes Silva","20/10/2025 16:02","Aplicativos STI","29/09/2025 11:26"
"397",,,"<p class=""editor-paragraph""></p>",,"0","Marlon Sttefane Guimaraes Silva","20/10/2025 16:02","Aplicativos STI","29/09/2025 11:26"
"319",,,"<p class=""editor-paragraph""></p>",,"0","Marlon Sttefane Guimaraes Silva","20/10/2025 16:02","Aplicativos STI","29/09/2025 11:26"
"369",,,"<p class=""editor-paragraph""></p>",,"0","Marlon Sttefane Guimaraes Silva","20/10/2025 16:54","Aplicativos STI","29/09/2025 11:26"
"374",,,"<p class=""editor-paragraph""></p>",,"0","Marlon Sttefane Guimaraes Silva","20/10/2025 16:02","Aplicativos STI","29/09/2025 11:26"
"386",,,"<p class=""editor-paragraph""></p>",,"0","Marlon Sttefane Guimaraes Silva","20/10/2025 16:02","Aplicativos STI","29/09/2025 11:26"
"275",,,"<p class=""editor-paragraph""></p>",,"0","Marlon Sttefane Guimaraes Silva","20/10/2025 16:01","Aplicativos STI","29/09/2025 11:26"
"225",,,"<p class=""editor-paragraph""></p>",,"0","Marlon Sttefane Guimaraes Silva","20/10/2025 16:53","Aplicativos STI","29/09/2025 11:26"
"383",,,"<p class=""editor-paragraph""></p>",,"0","Marlon Sttefane Guimaraes Silva","20/10/2025 16:02","Aplicativos STI","29/09/2025 11:26"
"243",,,"<p class=""editor-paragraph""></p>",,"0","Marlon Sttefane Guimaraes Silva","20/10/2025 16:01","Aplicativos STI","29/09/2025 11:26"
"348",,,"<p class=""editor-paragraph""></p>",,"0","Marlon Sttefane Guimaraes Silva","20/10/2025 16:54","Aplicativos STI","29/09/2025 11:26"
"313",,,"<p class=""editor-paragraph""></p>",,"0","Marlon Sttefane Guimaraes Silva","20/10/2025 16:02","Aplicativos STI","29/09/2025 11:26"
"330",,,"<p class=""editor-paragraph""></p>",,"0","Marlon Sttefane Guimaraes Silva","20/10/2025 16:02","Aplicativos STI","29/09/2025 11:26"
"294",,,"<p class=""editor-paragraph""></p>",,"0","Marlon Sttefane Guimaraes Silva","20/10/2025 16:02","Aplicativos STI","29/09/2025 11:26"
"331","Tratamento das demandas",,"<p class=""editor-paragraph"">A demanda de articulação para atendimento em serviço de saúde mental foi atendida e não apresenta novas demandas. Vítimas estão cientes que caso necessário pode nos acionar novamente.&#160;</p>",,"0","Juliana Marques Resende","28/11/2025 14:55","Aplicativos STI","29/09/2025 11:26"
"365",,,"<p class=""editor-paragraph""></p>",,"0","Marlon Sttefane Guimaraes Silva","20/10/2025 16:54","Aplicativos STI","29/09/2025 11:26"
"378",,,"<p class=""editor-paragraph""></p>",,"0","Marlon Sttefane Guimaraes Silva","20/10/2025 16:02","Aplicativos STI","29/09/2025 11:26"
"393","Voluntariedade/Recusa de atendimento",,"<p class=""editor-paragraph"">Conforme relato do acompanhamento.</p>",,"0","Juliana Marques Resende","11/12/2025 17:53","Aplicativos STI","29/09/2025 11:27"
"351",,,"<p class=""editor-paragraph""></p>",,"0","Marlon Sttefane Guimaraes Silva","20/10/2025 16:54","Aplicativos STI","29/09/2025 11:27"
"361","Perda de contato",,"<p class=""editor-paragraph"">Não retornou os últimos contatos.&#160;</p>",,"0","Juliana Marques Resende","11/12/2025 17:26","Aplicativos STI","29/09/2025 11:27"
"394",,,"<p class=""editor-paragraph""></p>",,"0","Marlon Sttefane Guimaraes Silva","20/10/2025 16:02","Aplicativos STI","29/09/2025 11:27"
"262",,,"<p class=""editor-paragraph""></p>",,"0","Marlon Sttefane Guimaraes Silva","20/10/2025 16:01","Aplicativos STI","29/09/2025 11:27"
"327",,,"<p class=""editor-paragraph""></p>",,"0","Marlon Sttefane Guimaraes Silva","20/10/2025 16:02","Aplicativos STI","29/09/2025 11:27"
"215",,,"<p class=""editor-paragraph""></p>",,"0","Marlon Sttefane Guimaraes Silva","20/10/2025 16:01","Aplicativos STI","29/09/2025 11:29"
"281",,,"<p class=""editor-paragraph""></p>",,"0","Marlon Sttefane Guimaraes Silva","20/10/2025 16:01","Aplicativos STI","29/09/2025 11:29"
"352",,,"<p class=""editor-paragraph"">A vítima solicitou atendimento via formulário&#160;no dia 17/07/2025. Entramos em contato no dia 21/07/2025 para agendarmos o atendimento, mas ela relata estar com dificuldade de deixar o filho. Orientamos que poderia traze-lo ou que poderíamos fazer um acolhimento virtual. A vítima relata que vai se organizar e que entrará em contato no mês de agosto. Ela não entrou em contato conforme acordado. Em setembro fizemos novo contato para verificar se ela ainda manifestava o desejo de ser atendida, mas ela não retornou ate a presente data.<br>Considerando a voluntariedade da vítima encerrei o contato e enviei mensagem relatando que estamos à disposição, caso ela manifeste interesse novamente.&#160;</p>","11/12/2025","0","Juliana Marques Resende","11/12/2025 14:42","Aplicativos STI","29/09/2025 11:29"
"239","Tratamento das demandas",,"<p class=""editor-paragraph""></p>","09/09/2025","0","Nathani Rodrigues Lourenco Marcolino","04/11/2025 12:34","Aplicativos STI","29/09/2025 11:30"
"310",,,"<p class=""editor-paragraph""></p>",,"0","Marlon Sttefane Guimaraes Silva","20/10/2025 16:02","Aplicativos STI","29/09/2025 11:30"
"375",,,"<p class=""editor-paragraph""></p>",,"0","Marlon Sttefane Guimaraes Silva","20/10/2025 16:02","Aplicativos STI","29/09/2025 11:30"
"220",,,"<p class=""editor-paragraph""></p>",,"0","Marlon Sttefane Guimaraes Silva","20/10/2025 16:01","Aplicativos STI","29/09/2025 11:30"
"157",,,"<p class=""editor-paragraph""></p>",,"0","Marlon Sttefane Guimaraes Silva","20/10/2025 16:00","Aplicativos STI","29/09/2025 11:30"
"216",,,"<p class=""editor-paragraph""></p>",,"0","Marlon Sttefane Guimaraes Silva","20/10/2025 16:53","Aplicativos STI","29/09/2025 11:30"
"285",,,"<p class=""editor-paragraph""></p>",,"0","Marlon Sttefane Guimaraes Silva","20/10/2025 16:01","Aplicativos STI","29/09/2025 11:30"
"282",,,"<p class=""editor-paragraph""></p>",,"0","Marlon Sttefane Guimaraes Silva","20/10/2025 16:01","Aplicativos STI","29/09/2025 11:30"
"353",,,"<p class=""editor-paragraph""></p>",,"0","Marlon Sttefane Guimaraes Silva","20/10/2025 16:54","Aplicativos STI","29/09/2025 11:31"
"227",,,"<p class=""editor-paragraph""></p>",,"0","Marlon Sttefane Guimaraes Silva","20/10/2025 16:53","Aplicativos STI","29/09/2025 11:31"
"356",,,"<p class=""editor-paragraph""></p>",,"0","Marlon Sttefane Guimaraes Silva","20/10/2025 16:02","Aplicativos STI","29/09/2025 11:31"
"296",,,"<p class=""editor-paragraph""></p>",,"0","Marlon Sttefane Guimaraes Silva","20/10/2025 16:02","Aplicativos STI","29/09/2025 11:31"
"363",,,"<p class=""editor-paragraph""></p>",,"0","Marlon Sttefane Guimaraes Silva","20/10/2025 16:54","Aplicativos STI","29/09/2025 11:31"
"207","Outros",,"<p class=""editor-paragraph""></p>",,"0","Alessandra Quezia Dornelas Santos","07/11/2025 15:28","Aplicativos STI","29/09/2025 11:34"
"273","Tratamento das demandas",,"<p>Está assistida em relação as demandas de saúde e orientações processuais. Não apresentou novas demandas.&#160;</p>",,"0","Juliana Marques Resende","18/11/2025 16:20","Aplicativos STI","29/09/2025 11:34"
"346",,,"<p class=""editor-paragraph""></p>",,"0","Marlon Sttefane Guimaraes Silva","20/10/2025 16:54","Aplicativos STI","29/09/2025 11:34"
"400",,,"<p class=""editor-paragraph""></p>",,"0","Marlon Sttefane Guimaraes Silva","20/10/2025 16:02","Aplicativos STI","29/09/2025 11:34"
"233",,,"<p class=""editor-paragraph""></p>",,"0","Marlon Sttefane Guimaraes Silva","20/10/2025 16:53","Aplicativos STI","29/09/2025 11:35"
"306",,,"<p class=""editor-paragraph""></p>",,"0","Marlon Sttefane Guimaraes Silva","20/10/2025 16:54","Aplicativos STI","29/09/2025 11:36"
"372",,,"<p class=""editor-paragraph""></p>",,"0","Marlon Sttefane Guimaraes Silva","20/10/2025 16:02","Aplicativos STI","29/09/2025 11:36"
"387",,,"<p class=""editor-paragraph""></p>",,"0","Marlon Sttefane Guimaraes Silva","20/10/2025 16:02","Aplicativos STI","29/09/2025 11:48"
"377",,,"<p class=""editor-paragraph""></p>",,"0","Marlon Sttefane Guimaraes Silva","20/10/2025 16:02","Aplicativos STI","29/09/2025 13:17"
"396",,,"<p class=""editor-paragraph""></p>",,"0","Marlon Sttefane Guimaraes Silva","20/10/2025 16:02","Aplicativos STI","29/09/2025 13:17"
"312",,,"<p class=""editor-paragraph""></p>",,"0","Marlon Sttefane Guimaraes Silva","20/10/2025 16:02","Aplicativos STI","29/09/2025 13:17"
"208",,,"<p class=""editor-paragraph""></p>",,"0","Marlon Sttefane Guimaraes Silva","20/10/2025 16:01","Aplicativos STI","29/09/2025 13:17"
"355",,,"<p class=""editor-paragraph""></p>",,"0","Marlon Sttefane Guimaraes Silva","20/10/2025 16:54","Aplicativos STI","29/09/2025 13:17"
"314","Outros",,"<p class=""editor-paragraph""></p>",,"0","Alessandra Quezia Dornelas Santos","13/11/2025 17:59","Aplicativos STI","29/09/2025 13:17"
"379",,,"<p class=""editor-paragraph""></p>",,"0","Marlon Sttefane Guimaraes Silva","20/10/2025 16:02","Aplicativos STI","29/09/2025 13:17"
"274","Outros",,"<p class=""editor-paragraph""></p>",,"0","Alessandra Quezia Dornelas Santos","10/11/2025 14:24","Aplicativos STI","29/09/2025 13:17"
"284",,,"<p class=""editor-paragraph""></p>",,"0","Marlon Sttefane Guimaraes Silva","20/10/2025 16:53","Aplicativos STI","29/09/2025 13:17"
"242",,,"<p class=""editor-paragraph""></p>",,"0","Marlon Sttefane Guimaraes Silva","20/10/2025 16:53","Aplicativos STI","29/09/2025 13:17"
"347",,,"<p class=""editor-paragraph""></p>",,"0","Marlon Sttefane Guimaraes Silva","20/10/2025 16:54","Aplicativos STI","29/09/2025 13:17"
"173",,,"<p class=""editor-paragraph""></p>",,"0","Marlon Sttefane Guimaraes Silva","20/10/2025 16:53","Aplicativos STI","29/09/2025 15:28"
"404",,,,,"0","Alessandra Quezia Dornelas Santos","07/10/2025 14:02","Alessandra Quezia Dornelas Santos","07/10/2025 14:02"
"391",,,"<p class=""editor-paragraph""></p>",,"0","Marlon Sttefane Guimaraes Silva","20/10/2025 16:02","Gabriela Dantas Rubal","08/10/2025 16:24"
"409",,,,,"0","Gabriela Dantas Rubal","14/10/2025 17:13","Gabriela Dantas Rubal","14/10/2025 17:13"
"401",,,,,"0","Marlon Sttefane Guimaraes Silva","20/10/2025 15:05","Marlon Sttefane Guimaraes Silva","20/10/2025 15:05"
"402",,,,,"0","Marlon Sttefane Guimaraes Silva","20/10/2025 15:05","Marlon Sttefane Guimaraes Silva","20/10/2025 15:05"
"403",,,,,"0","Marlon Sttefane Guimaraes Silva","20/10/2025 15:05","Marlon Sttefane Guimaraes Silva","20/10/2025 15:05"
"405",,,,,"0","Marlon Sttefane Guimaraes Silva","20/10/2025 15:05","Marlon Sttefane Guimaraes Silva","20/10/2025 15:05"
"406",,,,,"0","Marlon Sttefane Guimaraes Silva","20/10/2025 15:05","Marlon Sttefane Guimaraes Silva","20/10/2025 15:05"
"407",,,,,"0","Marlon Sttefane Guimaraes Silva","20/10/2025 15:05","Marlon Sttefane Guimaraes Silva","20/10/2025 15:05"
"408",,,,,"0","Marlon Sttefane Guimaraes Silva","20/10/2025 15:05","Marlon Sttefane Guimaraes Silva","20/10/2025 15:05"
"410",,,,,"0","Marlon Sttefane Guimaraes Silva","20/10/2025 15:05","Marlon Sttefane Guimaraes Silva","20/10/2025 15:05"
"412",,,,,"0","Marlon Sttefane Guimaraes Silva","20/10/2025 15:05","Marlon Sttefane Guimaraes Silva","20/10/2025 15:05"
"413",,,,,"0","Marlon Sttefane Guimaraes Silva","20/10/2025 15:05","Marlon Sttefane Guimaraes Silva","20/10/2025 15:05"
"414",,,,,"0","Gabriela Dantas Rubal","22/10/2025 12:06","Gabriela Dantas Rubal","22/10/2025 12:06"
"436",,,,,"0","Gabriela Dantas Rubal","24/10/2025 16:29","Gabriela Dantas Rubal","24/10/2025 16:29"
"434",,,,,"0","Layla Andrade Barros Moreira","24/10/2025 17:25","Layla Andrade Barros Moreira","24/10/2025 17:25"
"446","Inserção na rede",,"<p>Caso enviado para o CERNA</p>","04/11/2025","0","Gabriela Dantas Rubal","04/11/2025 18:37","Marlon Sttefane Guimaraes Silva","24/10/2025 20:29"
"417",,,,,"0","Layla Andrade Barros Moreira","28/10/2025 18:09","Layla Andrade Barros Moreira","28/10/2025 18:09"
"440",,,,,"0","Gabriela Dantas Rubal","29/10/2025 16:20","Gabriela Dantas Rubal","29/10/2025 16:20"
"77","Tratamento das demandas",,,,"0","Marlon Sttefane Guimaraes Silva","31/10/2025 12:27","Marlon Sttefane Guimaraes Silva","31/10/2025 12:26"
"422",,,,,"0","Nathani Rodrigues Lourenco Marcolino","05/11/2025 13:18","Nathani Rodrigues Lourenco Marcolino","05/11/2025 13:18"
"441",,,,,"0","Layla Andrade Barros Moreira","07/11/2025 11:59","Layla Andrade Barros Moreira","07/11/2025 11:59"
"447","Outros","Ricardo apresenta quadro de sofrimento mental e não apresentou situação de vitimização dentro do escopo de atuação da ""Casa Lilian"", tendo orientado sobre os serviços da rede pública de saúde.",,,"0","Layla Andrade Barros Moreira","07/11/2025 14:43","Layla Andrade Barros Moreira","07/11/2025 14:42"
"419",,,,,"0","Gabriela Dantas Rubal","13/11/2025 15:34","Gabriela Dantas Rubal","13/11/2025 15:34"
"448",,,,,"0","Gabriela Dantas Rubal","17/11/2025 13:46","Gabriela Dantas Rubal","17/11/2025 13:46"
"454",,,,,"0","Marlon Sttefane Guimaraes Silva","24/11/2025 15:40","Marlon Sttefane Guimaraes Silva","24/11/2025 15:40"
"450",,,,,"0","Marlon Sttefane Guimaraes Silva","26/11/2025 23:09","Marlon Sttefane Guimaraes Silva","26/11/2025 23:09"
"451",,,,,"0","Marlon Sttefane Guimaraes Silva","27/11/2025 16:19","Marlon Sttefane Guimaraes Silva","27/11/2025 16:19"
"455",,,,,"0","Marlon Sttefane Guimaraes Silva","04/12/2025 15:33","Marlon Sttefane Guimaraes Silva","04/12/2025 15:33"
"421",,,,,"0","Gabriela Dantas Rubal","11/12/2025 17:25","Gabriela Dantas Rubal","11/12/2025 17:25"
"463",,,,,"0","Marlon Sttefane Guimaraes Silva","15/12/2025 14:06","Marlon Sttefane Guimaraes Silva","15/12/2025 14:06"
"423","Outros",,"<p>Falta de retorno</p>","16/12/2025","0","Juliana Marques Resende","16/12/2025 14:14","Juliana Marques Resende","16/12/2025 14:12"
"425","Perda de contato",,,,"0","Juliana Marques Resende","16/12/2025 14:38","Juliana Marques Resende","16/12/2025 14:38"
"428","Outros",,"<p>Entrei em contato dia 02/10/2025 para agendar atendimento conforme solicitado, não houve retorno. Em novo contato dia 16/12/2025 a vítima relatou que não tem mais interesse no atendimento.&#160;</p>",,"0","Juliana Marques Resende","16/12/2025 17:57","Juliana Marques Resende","16/12/2025 17:57"
"501",,,,,"0","Gabriela Dantas Rubal","07/01/2026 16:09","Gabriela Dantas Rubal","07/01/2026 16:09"
"498",,,,,"0","Gabriela Dantas Rubal","07/01/2026 17:40","Gabriela Dantas Rubal","07/01/2026 17:40"
"432","Tratamento das demandas",,"<p>Em contato com a vítima ela relata que está em acompanhamento psicológico.Não apresenta novas demandas.</p>","08/01/2026","0","Juliana Marques Resende","08/01/2026 15:53","Juliana Marques Resende","08/01/2026 15:53"
"500",,,,,"0","Gabriela Dantas Rubal","08/01/2026 17:56","Gabriela Dantas Rubal","08/01/2026 17:56"
"513",,,,,"0","Marlon Sttefane Guimaraes Silva","11/01/2026 12:31","Marlon Sttefane Guimaraes Silva","11/01/2026 12:31"
