"ID_Caso","UnidadeAnalitica","AvaliacaoDeRiscos","PlanoDePrevencao","DataVencimento","Cor","Criado por"
"379","Vítima de especial vulnerabilidade","Pertence a grupos vulneráveis sem apoio.",,"09/10/2025","Vermelho","Aplicativos STI"
"379","Grupo familiar e vínculos sociais",,,,,"Aplicativos STI"
"379","Escolaridade/qualificação",,,,,"Aplicativos STI"
"379","Situação laboral e econômica",,,,,"Aplicativos STI"
"379","Situação habitacional e território","Moradia segura em local adequado.",,"07/10/2025","Verde","Aplicativos STI"
"379","Situação de saúde","Saúde estável, acesso regular a cuidados.",,"08/10/2025","Verde","Aplicativos STI"
"379","Demandas jurídicas","Questões jurídicas em andamento.",,"15/10/2025","Aviso","Aplicativos STI"
"379","Proteção e segurança","Não há ameaças diretas.",,,"Verde","Aplicativos STI"
"379","Grupo familiar e vínculos sociais",,,,,"Aplicativos STI"
"399","Situação de saúde","Saúde estável, acesso regular a cuidados.",,,"Verde","Aplicativos STI"
"399","Proteção e segurança","Não há ameaças diretas.",,,"Verde","Aplicativos STI"
"399","Escolaridade/qualificação",,,,,"Aplicativos STI"
"399","Situação habitacional e território",,,,,"Aplicativos STI"
"399","Situação laboral e econômica",,,,,"Aplicativos STI"
"399","Demandas jurídicas",,,,,"Aplicativos STI"
"399","Grupo familiar e vínculos sociais",,,,,"Aplicativos STI"
"399","Vítima de especial vulnerabilidade","Pertence a grupos vulneráveis, mas com apoio.",,,"Aviso","Aplicativos STI"
"315","Situação laboral e econômica","Trabalho informal ou desemprego eventual.",,,"Aviso","Alessandra Quezia Dornelas Santos"
"315","Proteção e segurança","Não há ameaças diretas.",,,"Verde","Alessandra Quezia Dornelas Santos"
"315","Grupo familiar e vínculos sociais",,,,,"Alessandra Quezia Dornelas Santos"
"315","Vítima de especial vulnerabilidade","Pertence a grupos vulneráveis, mas com apoio.",,,"Aviso","Alessandra Quezia Dornelas Santos"
"315","Situação de saúde","Saúde estável, acesso regular a cuidados.",,,"Verde","Alessandra Quezia Dornelas Santos"
"315","Escolaridade/qualificação","Analfabetismo ou nenhuma qualificação.",,,"Vermelho","Alessandra Quezia Dornelas Santos"
"315","Demandas jurídicas",,,,,"Alessandra Quezia Dornelas Santos"
"315","Situação habitacional e território","Moradia segura em local adequado.",,,"Verde","Alessandra Quezia Dornelas Santos"
"313","Grupo familiar e vínculos sociais",,,,,"Alessandra Quezia Dornelas Santos"
"313","Situação laboral e econômica",,,,,"Alessandra Quezia Dornelas Santos"
"313","Vítima de especial vulnerabilidade","Pertence a grupos vulneráveis, mas com apoio.",,,"Aviso","Alessandra Quezia Dornelas Santos"
"313","Situação habitacional e território",,,,,"Alessandra Quezia Dornelas Santos"
"313","Escolaridade/qualificação",,,,,"Alessandra Quezia Dornelas Santos"
"313","Situação de saúde","Saúde estável, acesso regular a cuidados.",,,"Verde","Alessandra Quezia Dornelas Santos"
"313","Proteção e segurança","Não há ameaças diretas.",,,"Verde","Alessandra Quezia Dornelas Santos"
"313","Demandas jurídicas",,,,,"Alessandra Quezia Dornelas Santos"
"292","Situação habitacional e território","Moradia segura em local adequado.",,,"Verde","Aplicativos STI"
"292","Demandas jurídicas","Sem pendências jurídicas.",,,"Verde","Aplicativos STI"
"292","Proteção e segurança","Ameaça iminente à integridade física.",,,"Vermelho","Aplicativos STI"
"292","Situação laboral e econômica","Trabalho informal ou desemprego eventual.",,,"Aviso","Aplicativos STI"
"292","Situação de saúde","Doenças graves sem acompanhamento.",,,"Vermelho","Aplicativos STI"
"292","Grupo familiar e vínculos sociais","Rede de apoio funcional.",,,"Verde","Aplicativos STI"
"292","Escolaridade/qualificação","Ensino fundamental completo ou médio incompleto.",,,"Aviso","Aplicativos STI"
"292","Vítima de especial vulnerabilidade","Pertence a grupos vulneráveis, mas com apoio.",,,"Aviso","Aplicativos STI"
"21","Demandas jurídicas",,,,,"Delzira de Oliveira Baldoino"
"21","Escolaridade/qualificação",,,,,"Delzira de Oliveira Baldoino"
"21","Situação de saúde","Saúde estável, acesso regular a cuidados.",,,"Verde","Delzira de Oliveira Baldoino"
"21","Proteção e segurança","Não há ameaças diretas.",,,"Verde","Delzira de Oliveira Baldoino"
"21","Situação habitacional e território",,,,,"Delzira de Oliveira Baldoino"
"21","Grupo familiar e vínculos sociais",,,,,"Delzira de Oliveira Baldoino"
"21","Situação laboral e econômica",,,,,"Delzira de Oliveira Baldoino"
"21","Vítima de especial vulnerabilidade","Pertence a grupos vulneráveis, mas com apoio.",,,"Aviso","Delzira de Oliveira Baldoino"
"12","Grupo familiar e vínculos sociais","Isolamento social, rompimento familiar.",,,"Vermelho","Delzira de Oliveira Baldoino"
"12","Situação de saúde","Doenças graves sem acompanhamento.",,,"Vermelho","Delzira de Oliveira Baldoino"
"12","Situação laboral e econômica","Desemprego crônico, renda insuficiente.",,,"Vermelho","Delzira de Oliveira Baldoino"
"12","Escolaridade/qualificação","Ensino fundamental completo ou médio incompleto.",,,"Aviso","Delzira de Oliveira Baldoino"
"12","Proteção e segurança","Ameaça iminente à integridade física.",,,"Vermelho","Delzira de Oliveira Baldoino"
"12","Vítima de especial vulnerabilidade","Pertence a grupos vulneráveis sem apoio.",,,"Vermelho","Delzira de Oliveira Baldoino"
"12","Situação habitacional e território","Sem moradia fixa ou em área de risco grave.",,,"Vermelho","Delzira de Oliveira Baldoino"
"12","Demandas jurídicas","Sem documentação ou litígios complexos.",,,"Vermelho","Delzira de Oliveira Baldoino"
"52","Proteção e segurança","Não há ameaças diretas.",,,"Verde","Juliana Marques Resende"
"52","Escolaridade/qualificação","Ensino médio completo ou superior.",,,"Verde","Juliana Marques Resende"
"52","Situação habitacional e território","Moradia segura em local adequado.",,,"Verde","Juliana Marques Resende"
"52","Situação de saúde","Doenças crônicas controladas.",,,"Aviso","Juliana Marques Resende"
"52","Situação laboral e econômica","Trabalho informal ou desemprego eventual.",,,"Aviso","Juliana Marques Resende"
"52","Grupo familiar e vínculos sociais","Isolamento social, rompimento familiar.",,,"Vermelho","Juliana Marques Resende"
"52","Demandas jurídicas","Sem documentação ou litígios complexos.",,,"Vermelho","Juliana Marques Resende"
"52","Vítima de especial vulnerabilidade","Pertence a grupos vulneráveis sem apoio.",,,"Vermelho","Juliana Marques Resende"
"409","Escolaridade/qualificação",,,,,"Gabriela Dantas Rubal"
"409","Situação laboral e econômica",,,,,"Gabriela Dantas Rubal"
"409","Grupo familiar e vínculos sociais",,,,,"Gabriela Dantas Rubal"
"409","Situação de saúde","Doenças crônicas controladas.",,,"Aviso","Gabriela Dantas Rubal"
"409","Situação habitacional e território",,,,,"Gabriela Dantas Rubal"
"409","Demandas jurídicas","Questões jurídicas em andamento.",,,"Aviso","Gabriela Dantas Rubal"
"409","Proteção e segurança","Não há ameaças diretas.",,,"Verde","Gabriela Dantas Rubal"
"409","Vítima de especial vulnerabilidade","Pertence a grupos vulneráveis, mas com apoio.",,,"Aviso","Gabriela Dantas Rubal"
"13","Situação de saúde","Doenças graves sem acompanhamento.",,,"Vermelho","Delzira de Oliveira Baldoino"
"13","Grupo familiar e vínculos sociais","Isolamento social, rompimento familiar.",,,"Vermelho","Delzira de Oliveira Baldoino"
"13","Proteção e segurança",,,,,"Delzira de Oliveira Baldoino"
"13","Demandas jurídicas","Sem pendências jurídicas.",,,"Verde","Delzira de Oliveira Baldoino"
"13","Situação habitacional e território",,,,,"Delzira de Oliveira Baldoino"
"13","Situação laboral e econômica","Trabalho informal ou desemprego eventual.",,,"Aviso","Delzira de Oliveira Baldoino"
"13","Escolaridade/qualificação","Ensino médio completo ou superior.",,,"Verde","Delzira de Oliveira Baldoino"
"13","Vítima de especial vulnerabilidade","Pertence a grupos vulneráveis sem apoio.",,,"Vermelho","Delzira de Oliveira Baldoino"
"396","Situação habitacional e território","Moradia precária em área urbana de risco.",,,"Aviso","Gabriela Dantas Rubal"
"396","Situação de saúde","Saúde estável, acesso regular a cuidados.",,,"Verde","Gabriela Dantas Rubal"
"396","Proteção e segurança","Não há ameaças diretas.",,,"Verde","Gabriela Dantas Rubal"
"396","Demandas jurídicas","Questões jurídicas em andamento.",,,"Aviso","Gabriela Dantas Rubal"
"396","Situação laboral e econômica",,,,,"Gabriela Dantas Rubal"
"396","Grupo familiar e vínculos sociais",,,,,"Gabriela Dantas Rubal"
"396","Escolaridade/qualificação",,,,,"Gabriela Dantas Rubal"
"396","Vítima de especial vulnerabilidade","Pertence a grupos vulneráveis, mas com apoio.",,,"Aviso","Gabriela Dantas Rubal"
"373","Situação laboral e econômica",,,,,"Gabriela Dantas Rubal"
"373","Escolaridade/qualificação",,,,,"Gabriela Dantas Rubal"
"373","Grupo familiar e vínculos sociais","Isolamento social, rompimento familiar.",,,"Vermelho","Gabriela Dantas Rubal"
"373","Situação habitacional e território","Sem moradia fixa ou em área de risco grave.",,,"Vermelho","Gabriela Dantas Rubal"
"373","Proteção e segurança","Não há ameaças diretas.",,,"Verde","Gabriela Dantas Rubal"
"373","Demandas jurídicas","Sem pendências jurídicas.",,,"Verde","Gabriela Dantas Rubal"
"373","Situação de saúde","Doenças crônicas controladas.",,,"Aviso","Gabriela Dantas Rubal"
"373","Vítima de especial vulnerabilidade","Pertence a grupos vulneráveis sem apoio.",,,"Vermelho","Gabriela Dantas Rubal"
"31","Grupo familiar e vínculos sociais",,,,,"Gabriela Dantas Rubal"
"31","Demandas jurídicas","Questões jurídicas em andamento.",,,"Aviso","Gabriela Dantas Rubal"
"31","Proteção e segurança","Não há ameaças diretas.",,,"Verde","Gabriela Dantas Rubal"
"31","Escolaridade/qualificação",,,,,"Gabriela Dantas Rubal"
"31","Situação habitacional e território",,,,,"Gabriela Dantas Rubal"
"31","Situação laboral e econômica",,,,,"Gabriela Dantas Rubal"
"31","Situação de saúde","Saúde estável, acesso regular a cuidados.",,,"Verde","Gabriela Dantas Rubal"
"31","Vítima de especial vulnerabilidade","Pertence a grupos vulneráveis sem apoio.",,,"Vermelho","Gabriela Dantas Rubal"
"414","Grupo familiar e vínculos sociais",,,,,"Gabriela Dantas Rubal"
"414","Escolaridade/qualificação",,,,,"Gabriela Dantas Rubal"
"414","Situação laboral e econômica",,,,,"Gabriela Dantas Rubal"
"414","Situação habitacional e território",,,,,"Gabriela Dantas Rubal"
"414","Situação de saúde",,,,,"Gabriela Dantas Rubal"
"414","Vítima de especial vulnerabilidade","Pertence a grupos vulneráveis, mas com apoio.",,,"Aviso","Gabriela Dantas Rubal"
"414","Demandas jurídicas",,,,,"Gabriela Dantas Rubal"
"414","Proteção e segurança","Não há ameaças diretas.",,,"Verde","Gabriela Dantas Rubal"
"132","Grupo familiar e vínculos sociais",,,,,"Nathani Rodrigues Lourenco Marcolino"
"132","Escolaridade/qualificação",,,,,"Nathani Rodrigues Lourenco Marcolino"
"132","Situação laboral e econômica",,,,,"Nathani Rodrigues Lourenco Marcolino"
"132","Situação habitacional e território",,,,,"Nathani Rodrigues Lourenco Marcolino"
"132","Vítima de especial vulnerabilidade","Pertence a grupos vulneráveis, mas com apoio.",,,"Aviso","Nathani Rodrigues Lourenco Marcolino"
"132","Proteção e segurança","Não há ameaças diretas.",,,"Verde","Nathani Rodrigues Lourenco Marcolino"
"132","Demandas jurídicas",,,,,"Nathani Rodrigues Lourenco Marcolino"
"132","Situação de saúde","Saúde estável, acesso regular a cuidados.",,,"Verde","Nathani Rodrigues Lourenco Marcolino"
"132","Escolaridade/qualificação",,,,,"Nathani Rodrigues Lourenco Marcolino"
"132","Situação habitacional e território",,,,,"Nathani Rodrigues Lourenco Marcolino"
"132","Grupo familiar e vínculos sociais",,,,,"Nathani Rodrigues Lourenco Marcolino"
"132","Situação laboral e econômica",,,,,"Nathani Rodrigues Lourenco Marcolino"
"132","Demandas jurídicas",,,,,"Nathani Rodrigues Lourenco Marcolino"
"132","Situação de saúde","Saúde estável, acesso regular a cuidados.",,,"Verde","Nathani Rodrigues Lourenco Marcolino"
"132","Proteção e segurança","Não há ameaças diretas.",,,"Verde","Nathani Rodrigues Lourenco Marcolino"
"132","Vítima de especial vulnerabilidade","Pertence a grupos vulneráveis sem apoio.",,,"Vermelho","Nathani Rodrigues Lourenco Marcolino"
"436","Situação laboral e econômica","Desemprego crônico, renda insuficiente.",,,"Vermelho","Gabriela Dantas Rubal"
"436","Grupo familiar e vínculos sociais",,,,,"Gabriela Dantas Rubal"
"436","Situação habitacional e território","Moradia segura em local adequado.",,,"Verde","Gabriela Dantas Rubal"
"436","Escolaridade/qualificação","Ensino médio completo ou superior.",,,"Verde","Gabriela Dantas Rubal"
"436","Proteção e segurança","Ameaça iminente à integridade física.",,,"Vermelho","Gabriela Dantas Rubal"
"436","Demandas jurídicas",,,,,"Gabriela Dantas Rubal"
"436","Situação de saúde","Doenças graves sem acompanhamento.",,,"Vermelho","Gabriela Dantas Rubal"
"436","Vítima de especial vulnerabilidade","Pertence a grupos vulneráveis, mas com apoio.",,,"Aviso","Gabriela Dantas Rubal"
"434","Situação laboral e econômica","Emprego formal estável.",,,"Verde","Layla Andrade Barros Moreira"
"434","Grupo familiar e vínculos sociais","Isolamento social, rompimento familiar.",,,"Vermelho","Layla Andrade Barros Moreira"
"434","Escolaridade/qualificação","Ensino médio completo ou superior.",,,"Verde","Layla Andrade Barros Moreira"
"434","Situação de saúde","Doenças graves sem acompanhamento.",,,"Vermelho","Layla Andrade Barros Moreira"
"434","Proteção e segurança","Não há ameaças diretas.",,,"Verde","Layla Andrade Barros Moreira"
"434","Demandas jurídicas","Sem documentação ou litígios complexos.",,,"Vermelho","Layla Andrade Barros Moreira"
"434","Situação habitacional e território","Moradia segura em local adequado.",,,"Verde","Layla Andrade Barros Moreira"
"434","Vítima de especial vulnerabilidade","Pertence a grupos vulneráveis sem apoio.",,,"Vermelho","Layla Andrade Barros Moreira"
"37","Escolaridade/qualificação","Ensino médio completo ou superior.",,,"Verde","Delzira de Oliveira Baldoino"
"37","Proteção e segurança","Não há ameaças diretas.",,,"Verde","Delzira de Oliveira Baldoino"
"37","Grupo familiar e vínculos sociais","Isolamento social, rompimento familiar.",,,"Vermelho","Delzira de Oliveira Baldoino"
"37","Situação laboral e econômica","Trabalho informal ou desemprego eventual.",,,"Aviso","Delzira de Oliveira Baldoino"
"37","Situação de saúde","Doenças crônicas controladas.",,,"Aviso","Delzira de Oliveira Baldoino"
"37","Demandas jurídicas","Sem pendências jurídicas.",,,"Verde","Delzira de Oliveira Baldoino"
"37","Situação habitacional e território","Moradia segura em local adequado.",,,"Verde","Delzira de Oliveira Baldoino"
"37","Vítima de especial vulnerabilidade","Pertence a grupos vulneráveis sem apoio.",,,"Vermelho","Delzira de Oliveira Baldoino"
"340","Escolaridade/qualificação",,,,,"Marlon Sttefane Guimaraes Silva"
"340","Grupo familiar e vínculos sociais",,,,,"Marlon Sttefane Guimaraes Silva"
"340","Situação laboral e econômica",,,,,"Marlon Sttefane Guimaraes Silva"
"340","Demandas jurídicas",,,,,"Marlon Sttefane Guimaraes Silva"
"340","Situação de saúde","Saúde estável, acesso regular a cuidados.",,,"Verde","Marlon Sttefane Guimaraes Silva"
"340","Situação habitacional e território",,,,,"Marlon Sttefane Guimaraes Silva"
"340","Vítima de especial vulnerabilidade","Pertence a grupos vulneráveis sem apoio.",,,"Vermelho","Marlon Sttefane Guimaraes Silva"
"340","Proteção e segurança",,,,,"Marlon Sttefane Guimaraes Silva"
"417","Proteção e segurança",,,,,"Layla Andrade Barros Moreira"
"417","Situação de saúde",,,,,"Layla Andrade Barros Moreira"
"417","Grupo familiar e vínculos sociais",,,,,"Layla Andrade Barros Moreira"
"417","Situação laboral e econômica",,,,,"Layla Andrade Barros Moreira"
"417","Escolaridade/qualificação",,,,,"Layla Andrade Barros Moreira"
"417","Situação habitacional e território",,,,,"Layla Andrade Barros Moreira"
"417","Demandas jurídicas",,,,,"Layla Andrade Barros Moreira"
"417","Vítima de especial vulnerabilidade","Pertence a grupos vulneráveis, mas com apoio.",,,"Aviso","Layla Andrade Barros Moreira"
"199","Grupo familiar e vínculos sociais","Isolamento social, rompimento familiar.",,,"Vermelho","Gabriela Dantas Rubal"
"199","Escolaridade/qualificação","Ensino médio completo ou superior.",,,"Verde","Gabriela Dantas Rubal"
"199","Situação laboral e econômica","Desemprego crônico, renda insuficiente.",,,"Vermelho","Gabriela Dantas Rubal"
"199","Situação habitacional e território",,,,,"Gabriela Dantas Rubal"
"199","Situação de saúde","Doenças graves sem acompanhamento.",,,"Vermelho","Gabriela Dantas Rubal"
"199","Demandas jurídicas","Sem documentação ou litígios complexos.",,,"Vermelho","Gabriela Dantas Rubal"
"199","Proteção e segurança","Ameaça iminente à integridade física.",,,"Vermelho","Gabriela Dantas Rubal"
"199","Vítima de especial vulnerabilidade","Pertence a grupos vulneráveis, mas com apoio.",,,"Aviso","Gabriela Dantas Rubal"
"419","Grupo familiar e vínculos sociais","Isolamento social, rompimento familiar.","Tem a mãe e irmãos como rede de apoio.",,"Vermelho","Gabriela Dantas Rubal"
"419","Escolaridade/qualificação","Ensino médio completo ou superior.","Tem curso de vigilante.",,"Verde","Gabriela Dantas Rubal"
"419","Situação laboral e econômica","Desemprego crônico, renda insuficiente.","Deseja retornar ao mercado de trabalho e reciclar o curso de vigilante depois que suas filhas estiverem na escola em tempo integral.",,"Vermelho","Gabriela Dantas Rubal"
"419","Situação habitacional e território","Sem moradia fixa ou em área de risco grave.","Mora com a mãe provisoriamente até conseguir se reestabelecer financeiramente.",,"Vermelho","Gabriela Dantas Rubal"
"419","Proteção e segurança","Ameaça iminente à integridade física.","Agressor está preso preventivamente.",,"Vermelho","Gabriela Dantas Rubal"
"419","Situação de saúde","Doenças graves sem acompanhamento.","Encaminhar para atendimento psicológico pelo Mapa do Acolhimento.","16/01/2026","Vermelho","Gabriela Dantas Rubal"
"419","Demandas jurídicas","Questões jurídicas em andamento.","Enviar relatório multidisciplinar para Promotoria natural.","19/01/2026","Aviso","Gabriela Dantas Rubal"
"419","Vítima de especial vulnerabilidade","Pertence a grupos vulneráveis sem apoio.",,,"Vermelho","Gabriela Dantas Rubal"
"427","Demandas jurídicas",,,,,"Erika Aparecida Pretes"
"427","Situação habitacional e território",,,,,"Erika Aparecida Pretes"
"427","Situação laboral e econômica",,,,,"Erika Aparecida Pretes"
"427","Grupo familiar e vínculos sociais",,,,,"Erika Aparecida Pretes"
"427","Proteção e segurança",,,,,"Erika Aparecida Pretes"
"427","Vítima de especial vulnerabilidade","Pertence a grupos vulneráveis, mas com apoio.",,,"Aviso","Erika Aparecida Pretes"
"427","Situação de saúde",,,,,"Erika Aparecida Pretes"
"427","Escolaridade/qualificação",,,,,"Erika Aparecida Pretes"
"263","Grupo familiar e vínculos sociais","Rede de apoio funcional.",,,"Verde","Layla Andrade Barros Moreira"
"263","Escolaridade/qualificação",,,,,"Layla Andrade Barros Moreira"
"263","Situação laboral e econômica","Trabalho informal ou desemprego eventual.",,,"Aviso","Layla Andrade Barros Moreira"
"263","Demandas jurídicas","Sem pendências jurídicas.",,,"Verde","Layla Andrade Barros Moreira"
"263","Situação de saúde","Saúde estável, acesso regular a cuidados.",,,"Verde","Layla Andrade Barros Moreira"
"263","Proteção e segurança","Não há ameaças diretas.",,,"Verde","Layla Andrade Barros Moreira"
"263","Vítima de especial vulnerabilidade","Pertence a grupos vulneráveis, mas com apoio.",,,"Aviso","Layla Andrade Barros Moreira"
"263","Situação habitacional e território",,,,,"Layla Andrade Barros Moreira"
"440","Grupo familiar e vínculos sociais","Rede de apoio funcional.",,,"Verde","Gabriela Dantas Rubal"
"440","Situação habitacional e território",,,,,"Gabriela Dantas Rubal"
"440","Escolaridade/qualificação","Ensino fundamental completo ou médio incompleto.",,,"Aviso","Gabriela Dantas Rubal"
"440","Situação laboral e econômica","Emprego formal estável.",,,"Verde","Gabriela Dantas Rubal"
"440","Situação de saúde","Doenças graves sem acompanhamento.",,,"Vermelho","Gabriela Dantas Rubal"
"440","Demandas jurídicas","Questões jurídicas em andamento.",,,"Aviso","Gabriela Dantas Rubal"
"440","Proteção e segurança","Não há ameaças diretas.",,,"Verde","Gabriela Dantas Rubal"
"440","Vítima de especial vulnerabilidade","Pertence a grupos vulneráveis, mas com apoio.",,,"Aviso","Gabriela Dantas Rubal"
"56","Grupo familiar e vínculos sociais",,,,,"Alessandra Quezia Dornelas Santos"
"56","Vítima de especial vulnerabilidade","Pertence a grupos vulneráveis, mas com apoio.",,,"Aviso","Alessandra Quezia Dornelas Santos"
"56","Situação laboral e econômica",,,,,"Alessandra Quezia Dornelas Santos"
"56","Situação de saúde","Saúde estável, acesso regular a cuidados.",,,"Verde","Alessandra Quezia Dornelas Santos"
"56","Escolaridade/qualificação",,,,,"Alessandra Quezia Dornelas Santos"
"56","Situação habitacional e território",,,,,"Alessandra Quezia Dornelas Santos"
"56","Demandas jurídicas",,,,,"Alessandra Quezia Dornelas Santos"
"56","Proteção e segurança",,,,,"Alessandra Quezia Dornelas Santos"
"450","Escolaridade/qualificação",,,,,"Layla Andrade Barros Moreira"
"450","Situação de saúde","Doenças crônicas controladas.",,,"Aviso","Layla Andrade Barros Moreira"
"450","Grupo familiar e vínculos sociais","Rede de apoio funcional.",,,"Verde","Layla Andrade Barros Moreira"
"450","Demandas jurídicas","Questões jurídicas em andamento.",,,"Aviso","Layla Andrade Barros Moreira"
"450","Proteção e segurança","Não há ameaças diretas.",,,"Verde","Layla Andrade Barros Moreira"
"450","Situação laboral e econômica",,,,,"Layla Andrade Barros Moreira"
"450","Vítima de especial vulnerabilidade","Pertence a grupos vulneráveis, mas com apoio.",,,"Aviso","Layla Andrade Barros Moreira"
"450","Situação habitacional e território",,,,,"Layla Andrade Barros Moreira"
"264","Grupo familiar e vínculos sociais",,,,,"Nathani Rodrigues Lourenco Marcolino"
"264","Situação habitacional e território",,,,,"Nathani Rodrigues Lourenco Marcolino"
"264","Escolaridade/qualificação",,,,,"Nathani Rodrigues Lourenco Marcolino"
"264","Situação laboral e econômica",,,,,"Nathani Rodrigues Lourenco Marcolino"
"264","Demandas jurídicas",,,,,"Nathani Rodrigues Lourenco Marcolino"
"264","Situação de saúde","Saúde estável, acesso regular a cuidados.",,,"Verde","Nathani Rodrigues Lourenco Marcolino"
"264","Proteção e segurança",,,,,"Nathani Rodrigues Lourenco Marcolino"
"264","Vítima de especial vulnerabilidade","Pertence a grupos vulneráveis, mas com apoio.",,,"Aviso","Nathani Rodrigues Lourenco Marcolino"
"335","Situação laboral e econômica",,,,,"Claudia Natividade"
"335","Situação de saúde","Doenças graves sem acompanhamento.",,,"Vermelho","Claudia Natividade"
"335","Escolaridade/qualificação",,,,,"Claudia Natividade"
"335","Situação habitacional e território",,,,,"Claudia Natividade"
"335","Demandas jurídicas","Questões jurídicas em andamento.","violência sexual da filha em investigação",,"Aviso","Claudia Natividade"
"335","Grupo familiar e vínculos sociais",,,,,"Claudia Natividade"
"335","Proteção e segurança",,,,,"Claudia Natividade"
"335","Vítima de especial vulnerabilidade","Pertence a grupos vulneráveis sem apoio.","é mulher e vive sozinha com filha adolescente que sofreu VS de primo",,"Vermelho","Claudia Natividade"
"203","Grupo familiar e vínculos sociais",,,,,"Juliana Marques Resende"
"203","Proteção e segurança",,,,,"Juliana Marques Resende"
"203","Demandas jurídicas",,,,,"Juliana Marques Resende"
"203","Situação de saúde","Saúde estável, acesso regular a cuidados.",,,"Verde","Juliana Marques Resende"
"203","Situação habitacional e território","Moradia segura em local adequado.",,,"Verde","Juliana Marques Resende"
"203","Escolaridade/qualificação",,,,,"Juliana Marques Resende"
"203","Vítima de especial vulnerabilidade","Pertence a grupos vulneráveis sem apoio.",,,"Vermelho","Juliana Marques Resende"
"203","Situação laboral e econômica",,,,,"Juliana Marques Resende"
"372","Grupo familiar e vínculos sociais","Rede de apoio funcional.",,,"Verde","Nathani Rodrigues Lourenco Marcolino"
"372","Situação laboral e econômica",,,,,"Nathani Rodrigues Lourenco Marcolino"
"372","Situação habitacional e território","Sem moradia fixa ou em área de risco grave.",,,"Vermelho","Nathani Rodrigues Lourenco Marcolino"
"372","Vítima de especial vulnerabilidade","Pertence a grupos vulneráveis, mas com apoio.",,,"Aviso","Nathani Rodrigues Lourenco Marcolino"
"372","Proteção e segurança",,,,,"Nathani Rodrigues Lourenco Marcolino"
"372","Demandas jurídicas","Sem pendências jurídicas.",,,"Verde","Nathani Rodrigues Lourenco Marcolino"
"372","Situação de saúde","Saúde estável, acesso regular a cuidados.",,,"Verde","Nathani Rodrigues Lourenco Marcolino"
"372","Escolaridade/qualificação",,,,,"Nathani Rodrigues Lourenco Marcolino"
"364","Situação de saúde","Saúde estável, acesso regular a cuidados.",,,"Verde","Nathani Rodrigues Lourenco Marcolino"
"364","Grupo familiar e vínculos sociais","Rede de apoio funcional.",,,"Verde","Nathani Rodrigues Lourenco Marcolino"
"364","Escolaridade/qualificação",,,,,"Nathani Rodrigues Lourenco Marcolino"
"364","Situação laboral e econômica",,,,,"Nathani Rodrigues Lourenco Marcolino"
"364","Demandas jurídicas","Sem pendências jurídicas.",,,"Verde","Nathani Rodrigues Lourenco Marcolino"
"364","Situação habitacional e território",,,,,"Nathani Rodrigues Lourenco Marcolino"
"364","Proteção e segurança",,,,,"Nathani Rodrigues Lourenco Marcolino"
"364","Vítima de especial vulnerabilidade","Pertence a grupos vulneráveis, mas com apoio.",,,"Aviso","Nathani Rodrigues Lourenco Marcolino"
"422","Situação laboral e econômica",,,,,"Nathani Rodrigues Lourenco Marcolino"
"422","Proteção e segurança",,,,,"Nathani Rodrigues Lourenco Marcolino"
"422","Situação habitacional e território",,,,,"Nathani Rodrigues Lourenco Marcolino"
"422","Escolaridade/qualificação",,,,,"Nathani Rodrigues Lourenco Marcolino"
"422","Demandas jurídicas","Sem pendências jurídicas.",,,"Verde","Nathani Rodrigues Lourenco Marcolino"
"422","Vítima de especial vulnerabilidade","Pertence a grupos vulneráveis, mas com apoio.",,,"Aviso","Nathani Rodrigues Lourenco Marcolino"
"422","Grupo familiar e vínculos sociais","Rede de apoio funcional.",,,"Verde","Nathani Rodrigues Lourenco Marcolino"
"422","Situação de saúde","Saúde estável, acesso regular a cuidados.",,,"Verde","Nathani Rodrigues Lourenco Marcolino"
"441","Grupo familiar e vínculos sociais","Rede de apoio funcional.",,,"Verde","Layla Andrade Barros Moreira"
"441","Escolaridade/qualificação",,,,,"Layla Andrade Barros Moreira"
"441","Situação laboral e econômica","Desemprego crônico, renda insuficiente.",,,"Vermelho","Layla Andrade Barros Moreira"
"441","Situação habitacional e território",,,,,"Layla Andrade Barros Moreira"
"441","Demandas jurídicas","Sem pendências jurídicas.",,,"Verde","Layla Andrade Barros Moreira"
"441","Situação de saúde","Doenças crônicas controladas.",,,"Aviso","Layla Andrade Barros Moreira"
"441","Proteção e segurança",,,,,"Layla Andrade Barros Moreira"
"441","Vítima de especial vulnerabilidade","Pertence a grupos vulneráveis, mas com apoio.",,,"Aviso","Layla Andrade Barros Moreira"
"448","Grupo familiar e vínculos sociais","Isolamento social, rompimento familiar.",,,"Vermelho","Marlon Sttefane Guimaraes Silva"
"448","Situação habitacional e território","Moradia segura em local adequado.",,,"Verde","Marlon Sttefane Guimaraes Silva"
"448","Proteção e segurança","Não há ameaças diretas.",,,"Verde","Marlon Sttefane Guimaraes Silva"
"448","Situação de saúde","Saúde estável, acesso regular a cuidados.",,,"Verde","Marlon Sttefane Guimaraes Silva"
"448","Escolaridade/qualificação","Ensino médio completo ou superior.",,,"Verde","Marlon Sttefane Guimaraes Silva"
"448","Situação laboral e econômica","Emprego formal estável.",,,"Verde","Marlon Sttefane Guimaraes Silva"
"448","Demandas jurídicas","Sem documentação ou litígios complexos.",,,"Vermelho","Marlon Sttefane Guimaraes Silva"
"448","Vítima de especial vulnerabilidade","Pertence a grupos vulneráveis sem apoio.",,,"Vermelho","Marlon Sttefane Guimaraes Silva"
"295","Grupo familiar e vínculos sociais","Rede de apoio funcional.",,,"Verde","Juliana Marques Resende"
"295","Demandas jurídicas","Sem pendências jurídicas.",,,"Verde","Juliana Marques Resende"
"295","Situação laboral e econômica","Desemprego crônico, renda insuficiente.",,,"Vermelho","Juliana Marques Resende"
"295","Escolaridade/qualificação","Ensino médio completo ou superior.",,,"Verde","Juliana Marques Resende"
"295","Proteção e segurança",,,,,"Juliana Marques Resende"
"295","Situação habitacional e território","Moradia segura em local adequado.",,,"Verde","Juliana Marques Resende"
"295","Situação de saúde","Doenças crônicas controladas.",,,"Aviso","Juliana Marques Resende"
"295","Vítima de especial vulnerabilidade","Pertence a grupos vulneráveis, mas com apoio.",,,"Aviso","Juliana Marques Resende"
"156","Grupo familiar e vínculos sociais","Isolamento social, rompimento familiar.","Fortalecer vínculo com a neta e com as irmãs que apoiam","18/11/2025","Vermelho","Juliana Marques Resende"
"156","Situação de saúde","Doenças crônicas controladas.","Esta acompanhada na rede de saúde","18/11/2025","Aviso","Juliana Marques Resende"
"156","Demandas jurídicas","Questões jurídicas em andamento.","Receber informações sobre o processo","18/11/2025","Aviso","Juliana Marques Resende"
"156","Escolaridade/qualificação",,,,,"Juliana Marques Resende"
"156","Proteção e segurança",,,,,"Juliana Marques Resende"
"156","Situação laboral e econômica",,,,,"Juliana Marques Resende"
"156","Situação habitacional e território",,,,,"Juliana Marques Resende"
"156","Vítima de especial vulnerabilidade","Pertence a grupos vulneráveis sem apoio.","Fortalecer vínculos comunitários","18/11/2025","Vermelho","Juliana Marques Resende"
"273","Grupo familiar e vínculos sociais","Rede de apoio funcional.",,,"Verde","Juliana Marques Resende"
"273","Demandas jurídicas","Sem pendências jurídicas.",,,"Verde","Juliana Marques Resende"
"273","Situação laboral e econômica","Emprego formal estável.",,,"Verde","Juliana Marques Resende"
"273","Proteção e segurança",,,,,"Juliana Marques Resende"
"273","Situação de saúde","Doenças graves sem acompanhamento.","Está em acompanhamento na rede privad","18/11/2025","Vermelho","Juliana Marques Resende"
"273","Escolaridade/qualificação","Ensino médio completo ou superior.",,,"Verde","Juliana Marques Resende"
"273","Situação habitacional e território","Moradia segura em local adequado.",,,"Verde","Juliana Marques Resende"
"273","Vítima de especial vulnerabilidade","Pertence a grupos vulneráveis, mas com apoio.",,,"Aviso","Juliana Marques Resende"
"318","Escolaridade/qualificação","Ensino médio completo ou superior.",,,"Verde","Layla Andrade Barros Moreira"
"318","Situação habitacional e território",,,,,"Layla Andrade Barros Moreira"
"318","Demandas jurídicas","Sem pendências jurídicas.",,,"Verde","Layla Andrade Barros Moreira"
"318","Grupo familiar e vínculos sociais","Rede de apoio funcional.",,,"Verde","Layla Andrade Barros Moreira"
"318","Proteção e segurança",,,,,"Layla Andrade Barros Moreira"
"318","Situação laboral e econômica","Emprego formal estável.",,,"Verde","Layla Andrade Barros Moreira"
"318","Situação de saúde","Saúde estável, acesso regular a cuidados.",,,"Verde","Layla Andrade Barros Moreira"
"318","Vítima de especial vulnerabilidade","Pertence a grupos vulneráveis, mas com apoio.",,,"Aviso","Layla Andrade Barros Moreira"
"230","Escolaridade/qualificação",,,,,"Juliana Marques Resende"
"230","Grupo familiar e vínculos sociais","Rede de apoio funcional.",,,"Verde","Juliana Marques Resende"
"230","Situação laboral e econômica","Emprego formal estável.",,,"Verde","Juliana Marques Resende"
"230","Situação habitacional e território",,,,,"Juliana Marques Resende"
"230","Situação de saúde","Doenças graves sem acompanhamento.","Acompanhamento psicológico","07/11/2025","Vermelho","Juliana Marques Resende"
"230","Proteção e segurança",,,,,"Juliana Marques Resende"
"230","Demandas jurídicas","Sem pendências jurídicas.",,,"Verde","Juliana Marques Resende"
"230","Vítima de especial vulnerabilidade","Pertence a grupos vulneráveis sem apoio.",,,"Vermelho","Juliana Marques Resende"
"453","Grupo familiar e vínculos sociais",,,,,"Marlon Sttefane Guimaraes Silva"
"453","Demandas jurídicas",,,,,"Marlon Sttefane Guimaraes Silva"
"453","Situação de saúde",,,,,"Marlon Sttefane Guimaraes Silva"
"453","Escolaridade/qualificação",,,,,"Marlon Sttefane Guimaraes Silva"
"453","Situação laboral e econômica",,,,,"Marlon Sttefane Guimaraes Silva"
"453","Situação habitacional e território",,,,,"Marlon Sttefane Guimaraes Silva"
"453","Proteção e segurança",,,,,"Marlon Sttefane Guimaraes Silva"
"453","Vítima de especial vulnerabilidade","Pertence a grupos vulneráveis, mas com apoio.",,,"Aviso","Marlon Sttefane Guimaraes Silva"
"370","Proteção e segurança",,,,,"Marlon Sttefane Guimaraes Silva"
"370","Demandas jurídicas","Sem pendências jurídicas.",,,"Verde","Marlon Sttefane Guimaraes Silva"
"370","Grupo familiar e vínculos sociais","Rede de apoio funcional.",,,"Verde","Marlon Sttefane Guimaraes Silva"
"370","Situação de saúde","Saúde estável, acesso regular a cuidados.",,,"Verde","Marlon Sttefane Guimaraes Silva"
"370","Situação laboral e econômica",,,,,"Marlon Sttefane Guimaraes Silva"
"370","Situação habitacional e território",,,,,"Marlon Sttefane Guimaraes Silva"
"370","Escolaridade/qualificação",,,,,"Marlon Sttefane Guimaraes Silva"
"370","Vítima de especial vulnerabilidade","Pertence a grupos vulneráveis, mas com apoio.",,,"Aviso","Marlon Sttefane Guimaraes Silva"
"455","Grupo familiar e vínculos sociais","Isolamento social, rompimento familiar.",,,"Vermelho","Layla Andrade Barros Moreira"
"455","Situação habitacional e território",,,,,"Layla Andrade Barros Moreira"
"455","Situação laboral e econômica","Trabalho informal ou desemprego eventual.",,,"Aviso","Layla Andrade Barros Moreira"
"455","Demandas jurídicas","Sem documentação ou litígios complexos.",,,"Vermelho","Layla Andrade Barros Moreira"
"455","Escolaridade/qualificação","Ensino médio completo ou superior.",,,"Verde","Layla Andrade Barros Moreira"
"455","Proteção e segurança","Não há ameaças diretas.",,,"Verde","Layla Andrade Barros Moreira"
"455","Vítima de especial vulnerabilidade","Pertence a grupos vulneráveis sem apoio.",,,"Vermelho","Layla Andrade Barros Moreira"
"455","Situação de saúde","Saúde estável, acesso regular a cuidados.",,,"Verde","Layla Andrade Barros Moreira"
"238","Escolaridade/qualificação","Ensino médio completo ou superior.",,,"Verde","Juliana Marques Resende"
"238","Grupo familiar e vínculos sociais","Rede de apoio funcional.",,,"Verde","Juliana Marques Resende"
"238","Situação habitacional e território","Moradia segura em local adequado.",,,"Verde","Juliana Marques Resende"
"238","Situação de saúde","Saúde estável, acesso regular a cuidados.",,,"Verde","Juliana Marques Resende"
"238","Situação laboral e econômica","Trabalho informal ou desemprego eventual.",,,"Aviso","Juliana Marques Resende"
"238","Demandas jurídicas","Sem pendências jurídicas.",,,"Verde","Juliana Marques Resende"
"238","Proteção e segurança",,,,,"Juliana Marques Resende"
"238","Vítima de especial vulnerabilidade","Pertence a grupos vulneráveis, mas com apoio.",,,"Aviso","Juliana Marques Resende"
"310","Grupo familiar e vínculos sociais",,,,,"Juliana Marques Resende"
"310","Situação de saúde","Saúde estável, acesso regular a cuidados.",,,"Verde","Juliana Marques Resende"
"310","Vítima de especial vulnerabilidade","Pertence a grupos vulneráveis, mas com apoio.",,"15/01/2025","Aviso","Juliana Marques Resende"
"310","Proteção e segurança",,,,,"Juliana Marques Resende"
"310","Situação habitacional e território",,,,,"Juliana Marques Resende"
"310","Escolaridade/qualificação",,,,,"Juliana Marques Resende"
"310","Demandas jurídicas",,,,,"Juliana Marques Resende"
"310","Situação laboral e econômica",,,,,"Juliana Marques Resende"
"331","Situação laboral e econômica",,,,,"Marlon Sttefane Guimaraes Silva"
"331","Situação habitacional e território",,,,,"Marlon Sttefane Guimaraes Silva"
"331","Escolaridade/qualificação",,,,,"Marlon Sttefane Guimaraes Silva"
"331","Proteção e segurança",,,,,"Marlon Sttefane Guimaraes Silva"
"331","Grupo familiar e vínculos sociais",,,,,"Marlon Sttefane Guimaraes Silva"
"331","Situação de saúde","Saúde estável, acesso regular a cuidados.",,,"Verde","Marlon Sttefane Guimaraes Silva"
"331","Demandas jurídicas",,,,,"Marlon Sttefane Guimaraes Silva"
"331","Vítima de especial vulnerabilidade","Pertence a grupos vulneráveis, mas com apoio.",,,"Aviso","Marlon Sttefane Guimaraes Silva"
"451","Grupo familiar e vínculos sociais",,,,,"Marlon Sttefane Guimaraes Silva"
"451","Situação laboral e econômica",,,,,"Marlon Sttefane Guimaraes Silva"
"451","Escolaridade/qualificação",,,,,"Marlon Sttefane Guimaraes Silva"
"451","Demandas jurídicas",,,,,"Marlon Sttefane Guimaraes Silva"
"451","Situação habitacional e território",,,,,"Marlon Sttefane Guimaraes Silva"
"451","Proteção e segurança","Não há ameaças diretas.",,,"Verde","Marlon Sttefane Guimaraes Silva"
"451","Situação de saúde","Saúde estável, acesso regular a cuidados.",,,"Verde","Marlon Sttefane Guimaraes Silva"
"451","Vítima de especial vulnerabilidade","Pertence a grupos vulneráveis, mas com apoio.",,,"Aviso","Marlon Sttefane Guimaraes Silva"
"342","Escolaridade/qualificação",,,,,"Layla Andrade Barros Moreira"
"342","Grupo familiar e vínculos sociais",,,,,"Layla Andrade Barros Moreira"
"342","Situação laboral e econômica",,,,,"Layla Andrade Barros Moreira"
"342","Situação habitacional e território",,,,,"Layla Andrade Barros Moreira"
"342","Demandas jurídicas",,,,,"Layla Andrade Barros Moreira"
"342","Situação de saúde","Saúde estável, acesso regular a cuidados.",,,"Verde","Layla Andrade Barros Moreira"
"342","Vítima de especial vulnerabilidade","Pertence a grupos vulneráveis, mas com apoio.",,,"Aviso","Layla Andrade Barros Moreira"
"342","Proteção e segurança",,,,,"Layla Andrade Barros Moreira"
"320","Situação habitacional e território","Moradia segura em local adequado.",,,"Verde","Juliana Marques Resende"
"320","Proteção e segurança",,,,,"Juliana Marques Resende"
"320","Demandas jurídicas",,,,,"Juliana Marques Resende"
"320","Escolaridade/qualificação",,,,,"Juliana Marques Resende"
"320","Situação de saúde","Doenças graves sem acompanhamento.","Encaminhamento para rede de saúde mental",,"Vermelho","Juliana Marques Resende"
"320","Grupo familiar e vínculos sociais",,,,,"Juliana Marques Resende"
"320","Situação laboral e econômica",,,,,"Juliana Marques Resende"
"320","Vítima de especial vulnerabilidade","Pertence a grupos vulneráveis, mas com apoio.",,,"Aviso","Juliana Marques Resende"
"345","Grupo familiar e vínculos sociais",,,,,"Layla Andrade Barros Moreira"
"345","Escolaridade/qualificação",,,,,"Layla Andrade Barros Moreira"
"345","Proteção e segurança","Não há ameaças diretas.",,,"Verde","Layla Andrade Barros Moreira"
"345","Situação habitacional e território",,,,,"Layla Andrade Barros Moreira"
"345","Demandas jurídicas",,,,,"Layla Andrade Barros Moreira"
"345","Situação de saúde","Saúde estável, acesso regular a cuidados.",,,"Verde","Layla Andrade Barros Moreira"
"345","Situação laboral e econômica",,,,,"Layla Andrade Barros Moreira"
"345","Vítima de especial vulnerabilidade","Pertence a grupos vulneráveis, mas com apoio.",,,"Aviso","Layla Andrade Barros Moreira"
"194","Escolaridade/qualificação",,,,,"Delzira de Oliveira Baldoino"
"194","Situação laboral e econômica",,,,,"Delzira de Oliveira Baldoino"
"194","Demandas jurídicas","Sem documentação ou litígios complexos.",,,"Vermelho","Delzira de Oliveira Baldoino"
"194","Proteção e segurança","Não há ameaças diretas.",,,"Verde","Delzira de Oliveira Baldoino"
"194","Situação de saúde","Saúde estável, acesso regular a cuidados.",,,"Verde","Delzira de Oliveira Baldoino"
"194","Situação habitacional e território","Moradia segura em local adequado.",,,"Verde","Delzira de Oliveira Baldoino"
"194","Grupo familiar e vínculos sociais","Isolamento social, rompimento familiar.",,,"Vermelho","Delzira de Oliveira Baldoino"
"194","Vítima de especial vulnerabilidade","Pertence a grupos vulneráveis sem apoio.",,,"Vermelho","Delzira de Oliveira Baldoino"
"355","Grupo familiar e vínculos sociais",,,,,"Layla Andrade Barros Moreira"
"355","Escolaridade/qualificação",,,,,"Layla Andrade Barros Moreira"
"355","Demandas jurídicas",,,,,"Layla Andrade Barros Moreira"
"355","Situação habitacional e território",,,,,"Layla Andrade Barros Moreira"
"355","Situação de saúde","Saúde estável, acesso regular a cuidados.",,,"Verde","Layla Andrade Barros Moreira"
"355","Situação laboral e econômica",,,,,"Layla Andrade Barros Moreira"
"355","Proteção e segurança",,,,,"Layla Andrade Barros Moreira"
"355","Vítima de especial vulnerabilidade","Pertence a grupos vulneráveis, mas com apoio.",,,"Aviso","Layla Andrade Barros Moreira"
"361","Escolaridade/qualificação",,,,,"Marlon Sttefane Guimaraes Silva"
"361","Situação de saúde","Saúde estável, acesso regular a cuidados.",,,"Verde","Marlon Sttefane Guimaraes Silva"
"361","Demandas jurídicas",,,,,"Marlon Sttefane Guimaraes Silva"
"361","Proteção e segurança",,,,,"Marlon Sttefane Guimaraes Silva"
"361","Situação laboral e econômica",,,,,"Marlon Sttefane Guimaraes Silva"
"361","Situação habitacional e território",,,,,"Marlon Sttefane Guimaraes Silva"
"361","Grupo familiar e vínculos sociais",,,,,"Marlon Sttefane Guimaraes Silva"
"361","Vítima de especial vulnerabilidade","Pertence a grupos vulneráveis, mas com apoio.",,,"Aviso","Marlon Sttefane Guimaraes Silva"
"369","Grupo familiar e vínculos sociais",,,,,"Marlon Sttefane Guimaraes Silva"
"369","Demandas jurídicas",,,,,"Marlon Sttefane Guimaraes Silva"
"369","Proteção e segurança",,,,,"Marlon Sttefane Guimaraes Silva"
"369","Situação de saúde","Saúde estável, acesso regular a cuidados.",,,"Verde","Marlon Sttefane Guimaraes Silva"
"369","Escolaridade/qualificação",,,,,"Marlon Sttefane Guimaraes Silva"
"369","Situação laboral e econômica",,,,,"Marlon Sttefane Guimaraes Silva"
"369","Situação habitacional e território",,,,,"Marlon Sttefane Guimaraes Silva"
"369","Vítima de especial vulnerabilidade","Pertence a grupos vulneráveis, mas com apoio.",,,"Aviso","Marlon Sttefane Guimaraes Silva"
"326","Situação habitacional e território","Moradia segura em local adequado.","Mudou com a ajuda da sogra para local seguro",,"Verde","Juliana Marques Resende"
"326","Proteção e segurança","Ameaça iminente à integridade física.","Avaliação pelo Provita, mas nãoi aceitou a proposta de proteção",,"Vermelho","Juliana Marques Resende"
"326","Grupo familiar e vínculos sociais",,,,,"Juliana Marques Resende"
"326","Situação de saúde","Doenças graves sem acompanhamento.","Estava grávida com riscos, mas ja ganhou neném e estão bem. ",,"Vermelho","Juliana Marques Resende"
"326","Situação laboral e econômica","Trabalho informal ou desemprego eventual.","Ainda não consegue se organizar para trabalhar. ",,"Aviso","Juliana Marques Resende"
"326","Demandas jurídicas",,,,,"Juliana Marques Resende"
"326","Escolaridade/qualificação",,,,,"Juliana Marques Resende"
"326","Vítima de especial vulnerabilidade","Pertence a grupos vulneráveis, mas com apoio.",,,"Aviso","Juliana Marques Resende"
"403","Demandas jurídicas",,,,,"Gabriela Dantas Rubal"
"403","Situação habitacional e território",,,,,"Gabriela Dantas Rubal"
"403","Situação de saúde","Saúde estável, acesso regular a cuidados.",,,"Verde","Gabriela Dantas Rubal"
"403","Grupo familiar e vínculos sociais",,,,,"Gabriela Dantas Rubal"
"403","Proteção e segurança",,,,,"Gabriela Dantas Rubal"
"403","Escolaridade/qualificação","Ensino médio completo ou superior.",,,"Verde","Gabriela Dantas Rubal"
"403","Situação laboral e econômica","Emprego formal estável.",,,"Verde","Gabriela Dantas Rubal"
"403","Vítima de especial vulnerabilidade","Pertence a grupos vulneráveis, mas com apoio.",,,"Aviso","Gabriela Dantas Rubal"
"25","Proteção e segurança",,,,,"Juliana Marques Resende"
"25","Situação de saúde","Saúde estável, acesso regular a cuidados.",,,"Verde","Juliana Marques Resende"
"25","Grupo familiar e vínculos sociais",,,,,"Juliana Marques Resende"
"25","Situação habitacional e território",,,,,"Juliana Marques Resende"
"25","Situação laboral e econômica",,,,,"Juliana Marques Resende"
"25","Demandas jurídicas",,,,,"Juliana Marques Resende"
"25","Escolaridade/qualificação",,,,,"Juliana Marques Resende"
"25","Vítima de especial vulnerabilidade","Pertence a grupos vulneráveis, mas com apoio.",,,"Aviso","Juliana Marques Resende"
"365","Situação laboral e econômica",,,,,"Juliana Marques Resende"
"365","Demandas jurídicas",,,,,"Juliana Marques Resende"
"365","Situação de saúde","Saúde estável, acesso regular a cuidados.",,,"Verde","Juliana Marques Resende"
"365","Escolaridade/qualificação",,,,,"Juliana Marques Resende"
"365","Proteção e segurança",,,,,"Juliana Marques Resende"
"365","Grupo familiar e vínculos sociais",,,,,"Juliana Marques Resende"
"365","Situação habitacional e território",,,,,"Juliana Marques Resende"
"365","Vítima de especial vulnerabilidade","Pertence a grupos vulneráveis sem apoio.",,,"Vermelho","Juliana Marques Resende"
"410","Situação laboral e econômica","Emprego formal estável.",,,"Verde","Gabriela Dantas Rubal"
"410","Situação habitacional e território",,,,,"Gabriela Dantas Rubal"
"410","Proteção e segurança",,,,,"Gabriela Dantas Rubal"
"410","Situação de saúde","Doenças crônicas controladas.",,,"Aviso","Gabriela Dantas Rubal"
"410","Demandas jurídicas","Sem documentação ou litígios complexos.",,,"Vermelho","Gabriela Dantas Rubal"
"410","Grupo familiar e vínculos sociais","Isolamento social, rompimento familiar.",,,"Vermelho","Gabriela Dantas Rubal"
"410","Escolaridade/qualificação","Ensino médio completo ou superior.",,,"Verde","Gabriela Dantas Rubal"
"410","Vítima de especial vulnerabilidade","Pertence a grupos vulneráveis sem apoio.",,,"Vermelho","Gabriela Dantas Rubal"
"465","Situação laboral e econômica",,,,,"Marlon Sttefane Guimaraes Silva"
"465","Grupo familiar e vínculos sociais",,,,,"Marlon Sttefane Guimaraes Silva"
"465","Situação habitacional e território",,,,,"Marlon Sttefane Guimaraes Silva"
"465","Situação de saúde","Saúde estável, acesso regular a cuidados.",,,"Verde","Marlon Sttefane Guimaraes Silva"
"465","Demandas jurídicas",,,,,"Marlon Sttefane Guimaraes Silva"
"465","Escolaridade/qualificação",,,,,"Marlon Sttefane Guimaraes Silva"
"465","Proteção e segurança","Não há ameaças diretas.",,,"Verde","Marlon Sttefane Guimaraes Silva"
"465","Vítima de especial vulnerabilidade","Pertence a grupos vulneráveis, mas com apoio.",,,"Aviso","Marlon Sttefane Guimaraes Silva"
"416","Situação de saúde","Saúde estável, acesso regular a cuidados.",,,"Verde","Juliana Marques Resende"
"416","Situação laboral e econômica",,,,,"Juliana Marques Resende"
"416","Grupo familiar e vínculos sociais",,,,,"Juliana Marques Resende"
"416","Escolaridade/qualificação",,,,,"Juliana Marques Resende"
"416","Demandas jurídicas",,,,,"Juliana Marques Resende"
"416","Proteção e segurança",,,,,"Juliana Marques Resende"
"416","Situação habitacional e território",,,,,"Juliana Marques Resende"
"416","Vítima de especial vulnerabilidade","Pertence a grupos vulneráveis, mas com apoio.",,,"Aviso","Juliana Marques Resende"
"468","Situação de saúde","Saúde estável, acesso regular a cuidados.",,,"Verde","Layla Andrade Barros Moreira"
"468","Escolaridade/qualificação","Ensino médio completo ou superior.",,,"Verde","Layla Andrade Barros Moreira"
"468","Demandas jurídicas",,,,,"Layla Andrade Barros Moreira"
"468","Situação laboral e econômica","Emprego formal estável.",,,"Verde","Layla Andrade Barros Moreira"
"468","Proteção e segurança","Não há ameaças diretas.",,,"Verde","Layla Andrade Barros Moreira"
"468","Grupo familiar e vínculos sociais",,,,,"Layla Andrade Barros Moreira"
"468","Situação habitacional e território","Sem moradia fixa ou em área de risco grave.",,,"Vermelho","Layla Andrade Barros Moreira"
"468","Vítima de especial vulnerabilidade","Pertence a grupos vulneráveis, mas com apoio.",,,"Aviso","Layla Andrade Barros Moreira"
"463","Situação habitacional e território",,,,,"Marlon Sttefane Guimaraes Silva"
"463","Situação laboral e econômica",,,,,"Marlon Sttefane Guimaraes Silva"
"463","Proteção e segurança","Não há ameaças diretas.",,,"Verde","Marlon Sttefane Guimaraes Silva"
"463","Grupo familiar e vínculos sociais","Rede de apoio funcional.",,,"Verde","Marlon Sttefane Guimaraes Silva"
"463","Escolaridade/qualificação",,,,,"Marlon Sttefane Guimaraes Silva"
"463","Demandas jurídicas","Sem pendências jurídicas.",,,"Verde","Marlon Sttefane Guimaraes Silva"
"463","Situação de saúde","Saúde estável, acesso regular a cuidados.",,,"Verde","Marlon Sttefane Guimaraes Silva"
"463","Vítima de especial vulnerabilidade","Pertence a grupos vulneráveis, mas com apoio.",,,"Aviso","Marlon Sttefane Guimaraes Silva"
"471","Grupo familiar e vínculos sociais",,,,,"Layla Andrade Barros Moreira"
"471","Situação de saúde",,,,,"Layla Andrade Barros Moreira"
"471","Escolaridade/qualificação",,,,,"Layla Andrade Barros Moreira"
"471","Situação laboral e econômica",,,,,"Layla Andrade Barros Moreira"
"471","Demandas jurídicas",,,,,"Layla Andrade Barros Moreira"
"471","Situação habitacional e território",,,,,"Layla Andrade Barros Moreira"
"471","Proteção e segurança","Não há ameaças diretas.",,,"Verde","Layla Andrade Barros Moreira"
"471","Vítima de especial vulnerabilidade","Pertence a grupos vulneráveis, mas com apoio.",,,"Aviso","Layla Andrade Barros Moreira"
"474","Proteção e segurança",,,,,"Layla Andrade Barros Moreira"
"474","Demandas jurídicas","Sem documentação ou litígios complexos.",,,"Vermelho","Layla Andrade Barros Moreira"
"474","Situação de saúde","Doenças graves sem acompanhamento.",,,"Vermelho","Layla Andrade Barros Moreira"
"474","Escolaridade/qualificação",,,,,"Layla Andrade Barros Moreira"
"474","Situação habitacional e território",,,,,"Layla Andrade Barros Moreira"
"474","Grupo familiar e vínculos sociais",,,,,"Layla Andrade Barros Moreira"
"474","Situação laboral e econômica",,,,,"Layla Andrade Barros Moreira"
"474","Vítima de especial vulnerabilidade","Pertence a grupos vulneráveis, mas com apoio.",,,"Aviso","Layla Andrade Barros Moreira"
"425","Situação de saúde","Doenças graves sem acompanhamento.","Não está doente, mas relata engravidar ao ser vitimada",,"Vermelho","Juliana Marques Resende"
"425","Proteção e segurança",,,,,"Juliana Marques Resende"
"425","Grupo familiar e vínculos sociais",,,,,"Juliana Marques Resende"
"425","Situação habitacional e território","Moradia segura em local adequado.",,,"Verde","Juliana Marques Resende"
"425","Escolaridade/qualificação","Ensino fundamental completo ou médio incompleto.",,,"Aviso","Juliana Marques Resende"
"425","Demandas jurídicas",,,,,"Juliana Marques Resende"
"425","Situação laboral e econômica","Trabalho informal ou desemprego eventual.",,,"Aviso","Juliana Marques Resende"
"425","Vítima de especial vulnerabilidade","Pertence a grupos vulneráveis, mas com apoio.",,,"Aviso","Juliana Marques Resende"
"50","Situação laboral e econômica",,,,,"Juliana Marques Resende"
"50","Situação habitacional e território",,,,,"Juliana Marques Resende"
"50","Escolaridade/qualificação",,,,,"Juliana Marques Resende"
"50","Vítima de especial vulnerabilidade","Pertence a grupos vulneráveis, mas com apoio.",,,"Aviso","Juliana Marques Resende"
"50","Grupo familiar e vínculos sociais",,,,,"Juliana Marques Resende"
"50","Demandas jurídicas",,,,,"Juliana Marques Resende"
"50","Proteção e segurança",,,,,"Juliana Marques Resende"
"50","Situação de saúde","Saúde estável, acesso regular a cuidados.",,,"Verde","Juliana Marques Resende"
"475","Grupo familiar e vínculos sociais",,,,,"Marlon Sttefane Guimaraes Silva"
"475","Situação de saúde",,,,,"Marlon Sttefane Guimaraes Silva"
"475","Situação laboral e econômica",,,,,"Marlon Sttefane Guimaraes Silva"
"475","Demandas jurídicas",,,,,"Marlon Sttefane Guimaraes Silva"
"475","Escolaridade/qualificação",,,,,"Marlon Sttefane Guimaraes Silva"
"475","Proteção e segurança",,,,,"Marlon Sttefane Guimaraes Silva"
"475","Situação habitacional e território",,,,,"Marlon Sttefane Guimaraes Silva"
"475","Vítima de especial vulnerabilidade","Pertence a grupos vulneráveis, mas com apoio.",,,"Aviso","Marlon Sttefane Guimaraes Silva"
"476","Situação de saúde","Doenças graves sem acompanhamento.",,,"Vermelho","Marlon Sttefane Guimaraes Silva"
"476","Situação laboral e econômica",,,,,"Marlon Sttefane Guimaraes Silva"
"476","Proteção e segurança",,,,,"Marlon Sttefane Guimaraes Silva"
"476","Demandas jurídicas",,,,,"Marlon Sttefane Guimaraes Silva"
"476","Escolaridade/qualificação",,,,,"Marlon Sttefane Guimaraes Silva"
"476","Grupo familiar e vínculos sociais",,,,,"Marlon Sttefane Guimaraes Silva"
"476","Situação habitacional e território",,,,,"Marlon Sttefane Guimaraes Silva"
"476","Vítima de especial vulnerabilidade","Pertence a grupos vulneráveis, mas com apoio.",,,"Aviso","Marlon Sttefane Guimaraes Silva"
"485","Situação habitacional e território",,,,,"Layla Andrade Barros Moreira"
"485","Grupo familiar e vínculos sociais","Rede de apoio funcional.",,,"Verde","Layla Andrade Barros Moreira"
"485","Situação laboral e econômica",,,,,"Layla Andrade Barros Moreira"
"485","Escolaridade/qualificação","Ensino médio completo ou superior.",,,"Verde","Layla Andrade Barros Moreira"
"485","Proteção e segurança","Não há ameaças diretas.",,,"Verde","Layla Andrade Barros Moreira"
"485","Situação de saúde","Saúde estável, acesso regular a cuidados.",,,"Verde","Layla Andrade Barros Moreira"
"485","Demandas jurídicas","Sem pendências jurídicas.",,,"Verde","Layla Andrade Barros Moreira"
"485","Vítima de especial vulnerabilidade","Pertence a grupos vulneráveis, mas com apoio.",,,"Aviso","Layla Andrade Barros Moreira"
"478","Escolaridade/qualificação",,,,,"Layla Andrade Barros Moreira"
"478","Grupo familiar e vínculos sociais","Isolamento social, rompimento familiar.",,,"Vermelho","Layla Andrade Barros Moreira"
"478","Proteção e segurança","Não há ameaças diretas.",,,"Verde","Layla Andrade Barros Moreira"
"478","Demandas jurídicas","Sem documentação ou litígios complexos.",,,"Vermelho","Layla Andrade Barros Moreira"
"478","Situação laboral e econômica","Emprego formal estável.",,,"Verde","Layla Andrade Barros Moreira"
"478","Situação de saúde","Doenças crônicas controladas.",,,"Aviso","Layla Andrade Barros Moreira"
"478","Vítima de especial vulnerabilidade","Pertence a grupos vulneráveis sem apoio.",,,"Vermelho","Layla Andrade Barros Moreira"
"478","Situação habitacional e território",,,,,"Layla Andrade Barros Moreira"
"500","Grupo familiar e vínculos sociais","Isolamento social, rompimento familiar.",,,"Vermelho","Gabriela Dantas Rubal"
"500","Escolaridade/qualificação","Analfabetismo ou nenhuma qualificação.",,,"Vermelho","Gabriela Dantas Rubal"
"500","Situação habitacional e território","Moradia segura em local adequado.",,,"Verde","Gabriela Dantas Rubal"
"500","Situação laboral e econômica","Emprego formal estável.",,,"Verde","Gabriela Dantas Rubal"
"500","Situação de saúde","Doenças graves sem acompanhamento.","Encaminhamento para atendimento psicológico UniArnaldo",,"Vermelho","Gabriela Dantas Rubal"
"500","Demandas jurídicas","Sem documentação ou litígios complexos.","Acompanhar periodicamente o andamento","12/02/2026","Vermelho","Gabriela Dantas Rubal"
"500","Proteção e segurança","Ameaça iminente à integridade física.","Vítima orientada a registrar boletim de ocorrência em caso de descumprimento de medidas protetivas",,"Vermelho","Gabriela Dantas Rubal"
"500","Vítima de especial vulnerabilidade","Pertence a grupos vulneráveis sem apoio.",,,"Vermelho","Gabriela Dantas Rubal"
"495","Situação laboral e econômica","Emprego formal estável.",,,"Verde","Gabriela Dantas Rubal"
"495","Demandas jurídicas","Sem documentação ou litígios complexos.",,,"Vermelho","Gabriela Dantas Rubal"
"495","Escolaridade/qualificação","Ensino médio completo ou superior.",,,"Verde","Gabriela Dantas Rubal"
"495","Proteção e segurança","Não há ameaças diretas.",,,"Verde","Gabriela Dantas Rubal"
"495","Grupo familiar e vínculos sociais","Rede de apoio funcional.",,,"Verde","Gabriela Dantas Rubal"
"495","Situação habitacional e território",,,,,"Gabriela Dantas Rubal"
"495","Situação de saúde","Saúde estável, acesso regular a cuidados.",,,"Verde","Gabriela Dantas Rubal"
"495","Vítima de especial vulnerabilidade","Pertence a grupos vulneráveis, mas com apoio.",,,"Aviso","Gabriela Dantas Rubal"
"501","Escolaridade/qualificação","Ensino médio completo ou superior.",,,"Verde","Gabriela Dantas Rubal"
"501","Situação habitacional e território","Moradia segura em local adequado.",,,"Verde","Gabriela Dantas Rubal"
"501","Grupo familiar e vínculos sociais","Rede de apoio funcional.",,,"Verde","Gabriela Dantas Rubal"
"501","Situação de saúde","Saúde estável, acesso regular a cuidados.",,,"Verde","Gabriela Dantas Rubal"
"501","Demandas jurídicas","Sem pendências jurídicas.",,,"Verde","Gabriela Dantas Rubal"
"501","Situação laboral e econômica",,,,,"Gabriela Dantas Rubal"
"501","Proteção e segurança","Não há ameaças diretas.",,,"Verde","Gabriela Dantas Rubal"
"501","Vítima de especial vulnerabilidade","Pertence a grupos vulneráveis, mas com apoio.",,,"Aviso","Gabriela Dantas Rubal"
"26","Grupo familiar e vínculos sociais","Rede de apoio funcional.",,,"Verde","Marlon Sttefane Guimaraes Silva"
"26","Situação laboral e econômica","Trabalho informal ou desemprego eventual.",,,"Aviso","Marlon Sttefane Guimaraes Silva"
"26","Escolaridade/qualificação","Ensino fundamental completo ou médio incompleto.",,,"Aviso","Marlon Sttefane Guimaraes Silva"
"26","Proteção e segurança","Não há ameaças diretas.",,,"Verde","Marlon Sttefane Guimaraes Silva"
"26","Demandas jurídicas","Questões jurídicas em andamento.",,,"Aviso","Marlon Sttefane Guimaraes Silva"
"26","Situação de saúde","Doenças graves sem acompanhamento.",,,"Vermelho","Marlon Sttefane Guimaraes Silva"
"26","Situação habitacional e território",,,,,"Marlon Sttefane Guimaraes Silva"
"26","Vítima de especial vulnerabilidade","Pertence a grupos vulneráveis, mas com apoio.",,,"Aviso","Marlon Sttefane Guimaraes Silva"
"513","Grupo familiar e vínculos sociais",,,,,"Marlon Sttefane Guimaraes Silva"
"513","Situação habitacional e território",,,,,"Marlon Sttefane Guimaraes Silva"
"513","Proteção e segurança",,,,,"Marlon Sttefane Guimaraes Silva"
"513","Demandas jurídicas",,,,,"Marlon Sttefane Guimaraes Silva"
"513","Escolaridade/qualificação",,,,,"Marlon Sttefane Guimaraes Silva"
"513","Situação laboral e econômica",,,,,"Marlon Sttefane Guimaraes Silva"
"513","Situação de saúde",,,,,"Marlon Sttefane Guimaraes Silva"
"513","Vítima de especial vulnerabilidade","Pertence a grupos vulneráveis, mas com apoio.",,,"Aviso","Marlon Sttefane Guimaraes Silva"
"438","Grupo familiar e vínculos sociais",,,,,"Layla Andrade Barros Moreira"
"438","Situação de saúde",,,,,"Layla Andrade Barros Moreira"
"438","Situação habitacional e território",,,,,"Layla Andrade Barros Moreira"
"438","Proteção e segurança",,,,,"Layla Andrade Barros Moreira"
"438","Demandas jurídicas",,,,,"Layla Andrade Barros Moreira"
"438","Escolaridade/qualificação",,,,,"Layla Andrade Barros Moreira"
"438","Situação laboral e econômica",,,,,"Layla Andrade Barros Moreira"
"438","Vítima de especial vulnerabilidade","Pertence a grupos vulneráveis, mas com apoio.",,,"Aviso","Layla Andrade Barros Moreira"
