"ID_Caso","Qtd_Pessoas_Fam","Qtd_Filhos_Ent","Num_Filhos_Dep","Num_Enteados_Dep","Renda_Total_Conv","Alt_Fam_Com_Vitim","Alt_Fam_Com_Vitim_Descr","Vulnerab_Vinculos_Fam","Vulnerab_Vinculos_Fam_Descr","Vulnerab_Vitim_Sec_Ter","Tipo_Vitim","Tipo_Vitim_Descr","Criado","Criado por"
"5",,,,,,"Não",,"Não",,"Não",,,"26/09/2025 11:16","Aplicativos STI"
"45",,,,,,"Sim","O agressor é o pai da Priscila e da Lívia (menor vítima direta)","Sim",,,,,"26/09/2025 11:16","Aplicativos STI"
"37","2","3","1",,"6000","Sim","Ex-marido praticou crime de estupro de vulnerável contra a filha","Sim","Recorrência de vivencia de violencia doméstica cometida pelo ex-marido",,,,"26/09/2025 11:16","Aplicativos STI"
"13","3","1",,,"600","Sim","Quadro de piora no quadro de saúde da mãe, que presenciou o fato.","Não","Fabiana é benzedeira e tem muito apoio da comunidade por exercer liderança comunitária",,,,"26/09/2025 11:16","Aplicativos STI"
"12",,,,,,"Sim",,,,,,,"26/09/2025 11:16","Aplicativos STI"
"29",,,,,,"Sim","Luto pela perda da sobrinha. ","Não","Possui rede de apoio.",,,,"26/09/2025 11:16","Aplicativos STI"
"9",,,,,,"Sim",,,,,,,"26/09/2025 11:16","Aplicativos STI"
"10",,,,,,"Sim",,,,,,,"26/09/2025 11:16","Aplicativos STI"
"138",,,,,,"Não","Já morava com avo antes do fato","Sim",,,,,"26/09/2025 11:17","Aplicativos STI"
"63",,,,,,"Sim","Separação dos pais",,,,,,"26/09/2025 11:17","Aplicativos STI"
"107",,,,,,"Sim","A mãe parou de trabalhar para cuidar de Maria Leticia","Sim"," Diante os impactos e estado de saúde mental Maria Leticia não sai de casa sozinha, não tem relacionamentos interpessoais",,,,"26/09/2025 11:18","Aplicativos STI"
"288",,,,,,,,,,"Sim","Secundária","Violência institucional pela universidade, que foi procurada por ela e não possui nenhum protocolo para casos de crimes sexuais.","26/09/2025 11:18","Aplicativos STI"
"156",,,,,,"Sim","O autor é sobrinho da vítima - primo da vítima direta. Ela e a irmã romperam os vículos","Sim",,,,,"26/09/2025 11:18","Aplicativos STI"
"68",,,,,,"Sim","Filha foi vítima de feminicídio.",,,,,,"26/09/2025 11:18","Aplicativos STI"
"78",,,,,,"Sim","Teve que mudar a filha de escola e mora próximo dos agressores.","Sim","Filha desenvolveu distúrbio do sono e a família vive com medo pois residem perto dos agressores. ","Sim","Secundária","Estratégia da defesa dos agressores de desqualificar a vítima durante a audiência de instrução.","26/09/2025 11:18","Aplicativos STI"
"52",,,,,,"Sim","Morte da filha",,,"Não",,,"26/09/2025 11:18","Aplicativos STI"
"66",,,,,,"Sim","Filho foi assassinado. ","Sim",,,,,"26/09/2025 11:18","Aplicativos STI"
"53",,,,,,"Sim","Rompeu com outros familiares paternos e maternos por entender que foram negligentes com ela.",,,,,,"26/09/2025 11:18","Aplicativos STI"
"103",,,,,,"Sim","Brendha relata ter episódios de agressividade e isso alterou o convívio.",,,,,,"26/09/2025 11:19","Aplicativos STI"
"70",,,,,,"Sim",,"Sim",,,,,"26/09/2025 11:19","Aplicativos STI"
"109",,,,,,"Sim",,"Sim","Primo em idade pequena muito afetado pela dinâmica que passou existir na família","Sim","Secundária","morosidade no sistema de justiça","26/09/2025 11:19","Aplicativos STI"
"132",,,,,,"Sim","Relata que a família tem pressionado para que ela retome a vida cotidiana, mas que no momento ela não está conseguindo.",,,,,,"26/09/2025 11:20","Aplicativos STI"
"236",,,,,,"Sim",,"Sim",,,,,"26/09/2025 11:20","Aplicativos STI"
"251",,,,,,"Sim",,,,,,,"26/09/2025 11:20","Aplicativos STI"
"184",,,,,,"Não",,"Não",,"Sim","Secundária",,"26/09/2025 11:20","Aplicativos STI"
"367",,,,,,"Sim","Teve que mudar a filha de escola e mora próximo dos agressores.","Sim","Filha desenvolveu distúrbio do sono e a família vive com medo pois residem perto dos agressores. ","Sim","Secundária","Estratégia da defesa dos agressores de desqualificar a vítima durante a audiência de instrução.","29/09/2025 10:34","Aplicativos STI"
"358",,,,,,"Sim","Reorganização familiar após a morte da filha","Sim","Se afastou da neta","Não",,,"29/09/2025 10:36","Aplicativos STI"
"340",,,,,,"Sim","Rompimento da relação com os pais, pois sentia que eles a culpavam pelo ocorrido. ","Sim","Rede de apoio são duas amigas próximas, não tem contato com familiares","Sim","Secundária","Inquérito policial foi instaurado em 2013 e a vítima somente foi ouvida em juízo em 2025, de forma revitimizante. ","29/09/2025 10:36","Aplicativos STI"
"318","3","2","2",,,,,,,,,,"29/09/2025 11:24","Aplicativos STI"
"180",,,,,,"Não",,"Não",,"Sim",,,"29/09/2025 11:24","Aplicativos STI"
"219",,,,,,"Não",,"Não",,,,,"29/09/2025 11:25","Aplicativos STI"
"389",,,,,,,,,,,,,"29/09/2025 11:25","Aplicativos STI"
"369",,,,,,,,,,,,,"29/09/2025 11:26","Aplicativos STI"
"378","3","1","1",,,"Sim","Vítima precisou mudar de endereço, rompendo laços comunitários.","Sim","Vítima precisou mudar de endereço, rompendo laços comunitários.","Não",,,"29/09/2025 11:26","Aplicativos STI"
"282","5","3","2",,,,,,,,,,"29/09/2025 11:30","Aplicativos STI"
"284",,,,,,"Não",,"Sim","Após ser culpada pela sogra, o vínculo foi desfeito.",,,,"29/09/2025 13:17","Aplicativos STI"
"339","5","4","2",,,,,,,,,,"01/10/2025 13:52","Gabriela Dantas Rubal"
"379",,,,,,"Sim","Piora das relações comunitárias no edifício após os fatos vitimizantes","Sim","Sem rede de apoio em Belo Horizonte ","Sim","Secundária","Além da secundária, observou-se também a terciária","07/10/2025 11:59","Gabriela Dantas Rubal"
"404","4","3","3",,,,"Sim, durante a vinculação amoroso com seu agressor sofreu isolamento social de seus amigos e  familiares","Sim","sim.","Sim","Secundária","Relatou que sofreu revitimização praticada pela Polícia Militar de Minas Gerais","07/10/2025 13:45","Alessandra Quezia Dornelas Santos"
"35","2","1","1","0",,,,,,,,,"07/10/2025 15:04","Juliana Marques Resende"
"319",,,,,,,,,,,,,"08/10/2025 14:05","Alessandra Quezia Dornelas Santos"
"391","2","1","1",,,,,,,"Sim","Secundária","Relata vitimização secundária no hospital Odilon Behrens","08/10/2025 16:10","Gabriela Dantas Rubal"
"298",,,,,,,,,,,,,"09/10/2025 15:43","Alessandra Quezia Dornelas Santos"
"292",,,"2",,,"Sim","Teve seus dois filhos retirados de seu convívio por decisões unilaterais dos genitores/ex-companheiros e é impedida de estar com eles. ","Sim","Não possui rede de apoio, vínculos familiares e comunitários frágeis.",,,,"09/10/2025 17:35","Aplicativos STI"
"21","1","0","0","0",,,,,,,,,"13/10/2025 16:22","Delzira de Oliveira Baldoino"
"269",,,,,,,,,,,,,"14/10/2025 15:21","Alessandra Quezia Dornelas Santos"
"409",,,,,,,,,,"Sim","Secundária","Se sentiu constrangida na DEPOL de Crimes Cibernéticos","14/10/2025 17:07","Gabriela Dantas Rubal"
"259",,,,,,,,,,,,,"14/10/2025 17:10","Alessandra Quezia Dornelas Santos"
"382",,,,,,,,"Sim","Relação familiar atravessada por violências, pai cometia violência doméstica contra a mãe e sexual contra as filhas. ",,,,"16/10/2025 14:21","Gabriela Dantas Rubal"
"396",,"2","2",,,"Sim","Rompimento de laços com os genitores depois que saiu de casa","Sim","Família atravessada por violências, pai agredia a mãe e cometia crime sexual contra as filhas. ",,,,"16/10/2025 15:10","Gabriela Dantas Rubal"
"363",,,,,,,,,,,,,"17/10/2025 10:32","Gabriela Dantas Rubal"
"206","4",,,,,,,,,,,,"20/10/2025 16:02","Alessandra Quezia Dornelas Santos"
"373",,,,,,"Sim","Neta, que é filha de Alexssander, ficou aos cuidados de Amanda. ",,,,,,"20/10/2025 16:06","Gabriela Dantas Rubal"
"412","3","1","1",,,"Sim","Família teve que se mudar de cidade",,,,,,"20/10/2025 16:22","Gabriela Dantas Rubal"
"24",,,,,,,,,,,,,"20/10/2025 17:30","Marlon Sttefane Guimaraes Silva"
"33",,,,,,,,,,,,,"20/10/2025 17:30","Marlon Sttefane Guimaraes Silva"
"30",,,,,,,,,,,,,"20/10/2025 17:30","Marlon Sttefane Guimaraes Silva"
"74","3",,,,,,,"Sim","Filho de 4 anos é fruto de um crime sexual.",,,,"20/10/2025 17:30","Marlon Sttefane Guimaraes Silva"
"83","3","2","2","0",,,,"Sim","Descreva: as duas filhas são autistas. Clara, de 20 anos é diagnosticada também como Borderlaine e Maria Paula, de 9 anos tea. O marido é fonte de apoio, mas tem relações conflituosas com pai da filha mais velha. ",,,,"20/10/2025 17:30","Marlon Sttefane Guimaraes Silva"
"31","4","2","1",,,"Sim","Enlutamento do marido e filha após o crime. ",,,"Sim","Secundária","Nome social da vítima direta não foi respeitado","20/10/2025 17:30","Marlon Sttefane Guimaraes Silva"
"50",,,,,,,,,,,,,"20/10/2025 17:30","Marlon Sttefane Guimaraes Silva"
"44","1","0","0","0",,"Não",,"Não",,,,,"20/10/2025 17:30","Marlon Sttefane Guimaraes Silva"
"47",,,,,,,,,,,,,"20/10/2025 17:30","Marlon Sttefane Guimaraes Silva"
"46","4","2","1","0",,"Não",,"Não",,,,,"20/10/2025 17:30","Marlon Sttefane Guimaraes Silva"
"49",,,,,,,,,,,,,"20/10/2025 17:30","Marlon Sttefane Guimaraes Silva"
"48",,,,,,,,,,,,,"20/10/2025 17:30","Marlon Sttefane Guimaraes Silva"
"36","3","1","1","0",,"Não",,"Não",,"Não",,,"20/10/2025 17:30","Marlon Sttefane Guimaraes Silva"
"39","2","1","1",,,"Não",,"Não",,,,,"20/10/2025 17:30","Marlon Sttefane Guimaraes Silva"
"38","3",,"2",,"3","Sim","Morte da filha, que deixou uma bebê ","Sim"," Relata que todas as pessoas do bairro sabem do que aconteceu, que circula muitas informações sobre o autor dos fatos e que isso a deixa muito ansiosa. Desat forma, ela tem evitado maiores contatos e frequentar locais públicos para não se sentir mal. ","Sim","Terciária"," Relata que todas as pessoas do bairro sabem do que aconteceu, que circula muitas informações sobre o autor dos fatos e que isso a deixa muito ansiosa. Desat forma, ela tem evitado maiores contatos e frequentar locais públicos para não se sentir mal. ","20/10/2025 17:30","Marlon Sttefane Guimaraes Silva"
"11",,,,,,,,,,,,,"20/10/2025 17:30","Marlon Sttefane Guimaraes Silva"
"14","3",,"2",,,,,,,,,,"20/10/2025 17:30","Marlon Sttefane Guimaraes Silva"
"42",,,,,,,,,,,,,"20/10/2025 17:30","Marlon Sttefane Guimaraes Silva"
"3","1",,,,,"Não",,"Não",,"Sim","Terciária","Identificou-se o processo de vitimização terciária, já que mediante veiculação midiática do fato, Laís tem se sentido exposta perante a equipe de trabalho.  ","20/10/2025 17:30","Marlon Sttefane Guimaraes Silva"
"22",,,,"0",,"Sim","O marido da Sra. Vanessa, filha do Sr. João, foi o responsável por assiná-la e cometeu autoextermínio. Os dois filhos ficaram órfãos","Sim","O marido da Sra. Vanessa, filha do Sr. João, foi o responsável por assiná-la e cometeu autoextermínio. Os dois filhos ficaram órfãos",,,,"20/10/2025 17:30","Marlon Sttefane Guimaraes Silva"
"32","3",,,,,"Sim","Agressor era tido por ela como um pai.","Sim","Sofreu estupro do pai biológico quando criança.",,,,"20/10/2025 17:30","Marlon Sttefane Guimaraes Silva"
"15","3","1","1",,,,,,,,,,"20/10/2025 17:30","Marlon Sttefane Guimaraes Silva"
"25",,,,,,,,,,,,,"20/10/2025 17:30","Marlon Sttefane Guimaraes Silva"
"19","4","4","2",,,"Sim","A irmã (vítima direta) foi vítima de feminicídio e ficou com a guarda dos sobreinhos; ",,,"Sim","Secundária",,"20/10/2025 17:30","Marlon Sttefane Guimaraes Silva"
"1",,"1","1",,,,,,,"Sim","Terciária","Estigmatização social no ambiente de trabalho ","20/10/2025 17:30","Marlon Sttefane Guimaraes Silva"
"8","4","2","2",,"2",,,,,,,,"20/10/2025 17:30","Marlon Sttefane Guimaraes Silva"
"17","3","2","2",,,"Sim","Vínculos comunitários e de amizades mudaram radicalmente com o fato vitimizador.							 								","Sim",,,,,"20/10/2025 17:30","Marlon Sttefane Guimaraes Silva"
"23","1","2","0","0",,"Sim",,,,,,,"20/10/2025 17:30","Marlon Sttefane Guimaraes Silva"
"16",,,,,,,,,,,,,"20/10/2025 17:30","Marlon Sttefane Guimaraes Silva"
"7",,"2","2",,,,,,,,,,"20/10/2025 17:30","Marlon Sttefane Guimaraes Silva"
"2",,,"1",,,,,,,,,,"20/10/2025 17:30","Marlon Sttefane Guimaraes Silva"
"4",,,,,,,,,,,,,"20/10/2025 17:30","Marlon Sttefane Guimaraes Silva"
"6",,"3",,"2",,"Sim","Alta vitimização das crianças que assistiram ao crime e do filho Henrique da Sra. Silvia, que teve reação emocional intensa diante do crime. Vítima também assistiu ao crime. ","Não","Boa convivência e apoio familiar. Bom relacionamento comunitário e com vizinhos .","Não",,,"20/10/2025 17:30","Marlon Sttefane Guimaraes Silva"
"34",,,"1",,,,,,,,,,"20/10/2025 17:30","Marlon Sttefane Guimaraes Silva"
"20","3",,,,,,,"Não","Tem rede de apoio composta por seus irmãos.",,,,"20/10/2025 17:30","Marlon Sttefane Guimaraes Silva"
"18","2","1","1",,,"Sim","Filho está abrigado","Sim","Acha que perdeu a guarda do filho",,,,"20/10/2025 17:30","Marlon Sttefane Guimaraes Silva"
"26","3",,,,,"Não",,"Não","Possui rede de apoio",,,,"20/10/2025 17:30","Marlon Sttefane Guimaraes Silva"
"80",,,,,,,,,,,,,"20/10/2025 17:30","Marlon Sttefane Guimaraes Silva"
"133",,,,,,,,,,,,,"20/10/2025 17:31","Marlon Sttefane Guimaraes Silva"
"55",,,,,,,,,,,,,"20/10/2025 17:31","Marlon Sttefane Guimaraes Silva"
"43",,,,,,,,,,,,,"20/10/2025 17:31","Marlon Sttefane Guimaraes Silva"
"130",,,,,,,,,,,,,"20/10/2025 17:31","Marlon Sttefane Guimaraes Silva"
"255","2","2","2","0",,"Sim","Situação de insegurança em decorrência das ameaças feitas contra a vítima",,,"Não",,,"20/10/2025 17:31","Marlon Sttefane Guimaraes Silva"
"93","3",,,,,,,"Sim"," Os familiares não sabem do fato, porém, tem bom relacionamento relacionar e pretende ir morar próximo aos familiares",,,,"20/10/2025 17:31","Marlon Sttefane Guimaraes Silva"
"143",,"1","1","0",,"Sim","Sim, visto que o ex-companheiro abusou sexualmente o filho deles","Não",,,,,"20/10/2025 17:31","Marlon Sttefane Guimaraes Silva"
"88",,,,,,,,,,,,,"20/10/2025 17:31","Marlon Sttefane Guimaraes Silva"
"97",,,,,,,,,,,,,"20/10/2025 17:31","Marlon Sttefane Guimaraes Silva"
"96",,,,,,,,,,,,,"20/10/2025 17:31","Marlon Sttefane Guimaraes Silva"
"85",,,,,,,,,,,,,"20/10/2025 17:31","Marlon Sttefane Guimaraes Silva"
"89",,"1",,,,"Sim","Com a morte da mãe, mudanças na configuração familiar pois tem dois irmãos menores de idade. ",,,,,,"20/10/2025 17:31","Marlon Sttefane Guimaraes Silva"
"57",,,,,,,,,,,,,"20/10/2025 17:31","Marlon Sttefane Guimaraes Silva"
"169",,,,,,,,,,,,,"20/10/2025 17:31","Marlon Sttefane Guimaraes Silva"
"146",,,,,,,,,,,,,"20/10/2025 17:31","Marlon Sttefane Guimaraes Silva"
"56",,,,,,,,,,,,,"20/10/2025 17:31","Marlon Sttefane Guimaraes Silva"
"139",,,,,,,,,,,,,"20/10/2025 17:31","Marlon Sttefane Guimaraes Silva"
"113","1","1","1","0",,,,,,"Sim","Terciária","Assédio por parte de jornalistas","20/10/2025 17:31","Marlon Sttefane Guimaraes Silva"
"135",,,,,,,,,,,,,"20/10/2025 17:31","Marlon Sttefane Guimaraes Silva"
"189",,,,,,,,,,,,,"20/10/2025 17:31","Marlon Sttefane Guimaraes Silva"
"92",,,,,,,,,,,,,"20/10/2025 17:31","Marlon Sttefane Guimaraes Silva"
"197",,,,,,,,,,,,,"20/10/2025 17:31","Marlon Sttefane Guimaraes Silva"
"235",,,,,,,,,,,,,"20/10/2025 17:31","Marlon Sttefane Guimaraes Silva"
"213",,,,,,,,,,,,,"20/10/2025 17:31","Marlon Sttefane Guimaraes Silva"
"100",,,,,,,,,,,,,"20/10/2025 17:31","Marlon Sttefane Guimaraes Silva"
"99",,,,,,,,,,,,,"20/10/2025 17:31","Marlon Sttefane Guimaraes Silva"
"91",,,,,,,,,,,,,"20/10/2025 17:31","Marlon Sttefane Guimaraes Silva"
"61","3","2",,"0",,"Não",,"Não",,,,,"20/10/2025 17:31","Marlon Sttefane Guimaraes Silva"
"98",,,,,,,,,,,,,"20/10/2025 17:31","Marlon Sttefane Guimaraes Silva"
"59",,,,,,,,,,,,,"20/10/2025 17:31","Marlon Sttefane Guimaraes Silva"
"71",,,,,,,,,,,,,"20/10/2025 17:31","Marlon Sttefane Guimaraes Silva"
"73","5","4","4",,"900","Sim","Filha faleceu em decorrência das sequelas da tentativa de feminicídio","Sim",,,,,"20/10/2025 17:31","Marlon Sttefane Guimaraes Silva"
"64","3","3","1",,,"Sim","Filho assassinado. ","Não","É uma líder comunitária onde mora. ","Não",,,"20/10/2025 17:31","Marlon Sttefane Guimaraes Silva"
"90",,,,,,,,,,,,,"20/10/2025 17:31","Marlon Sttefane Guimaraes Silva"
"51",,,,,,,,,,,,,"20/10/2025 17:31","Marlon Sttefane Guimaraes Silva"
"79",,,,,,,,,,,,,"20/10/2025 17:31","Marlon Sttefane Guimaraes Silva"
"84",,,,,,,,,,,,,"20/10/2025 17:31","Marlon Sttefane Guimaraes Silva"
"297",,"0","0","0",,"Sim","A vítima saiu de casa em virtude da violência",,,,,,"20/10/2025 17:31","Marlon Sttefane Guimaraes Silva"
"67","5",,"4",,,"Sim",,"Sim","Mãe da vítima também sofria violência doméstica (família extremamente vulnerável) ",,,,"20/10/2025 17:31","Marlon Sttefane Guimaraes Silva"
"148",,,,,,,,,,,,,"20/10/2025 17:31","Marlon Sttefane Guimaraes Silva"
"117",,,,,,,,,,,,,"20/10/2025 17:31","Marlon Sttefane Guimaraes Silva"
"289",,,,,,,,,,,,,"20/10/2025 17:31","Marlon Sttefane Guimaraes Silva"
"125",,,,,,,,,,,,,"20/10/2025 17:31","Marlon Sttefane Guimaraes Silva"
"123",,,,,,,,,,,,,"20/10/2025 17:31","Marlon Sttefane Guimaraes Silva"
"114",,,,,,,,,,,,,"20/10/2025 17:31","Marlon Sttefane Guimaraes Silva"
"87",,,,,,,,,,,,,"20/10/2025 17:31","Marlon Sttefane Guimaraes Silva"
"58","4","2","1",,,,,"Sim","Enteada (vítima direta) está traumatizada. ",,,,"20/10/2025 17:31","Marlon Sttefane Guimaraes Silva"
"111",,,,,,,,,,,,,"20/10/2025 17:31","Marlon Sttefane Guimaraes Silva"
"128",,,,,,,,,,,,,"20/10/2025 17:31","Marlon Sttefane Guimaraes Silva"
"102",,,,,,,,,,,,,"20/10/2025 17:31","Marlon Sttefane Guimaraes Silva"
"164","5","2",,,,"Sim","Após o fato vitimizador vieram morar em Belo Horizonte na casa da Avó (Francelina), rompendo vínculo dela e das filhas com a comunidade de Mendes Pimentel",,,,,,"20/10/2025 17:31","Marlon Sttefane Guimaraes Silva"
"86",,,,,,,,,,,,,"20/10/2025 17:31","Marlon Sttefane Guimaraes Silva"
"129","5","0","0","0",,,,,,,,,"20/10/2025 17:31","Marlon Sttefane Guimaraes Silva"
"134",,,,,,,,,,,,,"20/10/2025 17:31","Marlon Sttefane Guimaraes Silva"
"144","4","2","2",,,,,,,,,,"20/10/2025 17:31","Marlon Sttefane Guimaraes Silva"
"108",,,,,,,,,,,,,"20/10/2025 17:31","Marlon Sttefane Guimaraes Silva"
"104",,,,,,,,,,,,,"20/10/2025 17:31","Marlon Sttefane Guimaraes Silva"
"62",,,,,,,,,,,,,"20/10/2025 17:31","Marlon Sttefane Guimaraes Silva"
"112",,,,,,,,,,,,,"20/10/2025 17:31","Marlon Sttefane Guimaraes Silva"
"137",,,,,,,,,,,,,"20/10/2025 17:31","Marlon Sttefane Guimaraes Silva"
"140","5","3",,,,,,,,,,,"20/10/2025 17:31","Marlon Sttefane Guimaraes Silva"
"179",,,,,,,,,,,,,"20/10/2025 17:31","Marlon Sttefane Guimaraes Silva"
"118","4","3","0","0",,,,,,,,,"20/10/2025 17:31","Marlon Sttefane Guimaraes Silva"
"76",,,,,,,,,,,,,"20/10/2025 17:31","Marlon Sttefane Guimaraes Silva"
"277",,,,,,,,,,,,,"20/10/2025 17:31","Marlon Sttefane Guimaraes Silva"
"237",,,,,,,,,,,,,"20/10/2025 17:31","Marlon Sttefane Guimaraes Silva"
"271",,,,,,,,,,,,,"20/10/2025 17:31","Marlon Sttefane Guimaraes Silva"
"258",,,,,,,,,,,,,"20/10/2025 17:31","Marlon Sttefane Guimaraes Silva"
"136",,,,,,,,,,,,,"20/10/2025 17:31","Marlon Sttefane Guimaraes Silva"
"162",,,,,,,,,,,,,"20/10/2025 17:31","Marlon Sttefane Guimaraes Silva"
"261",,,,,,,,,,,,,"20/10/2025 17:31","Marlon Sttefane Guimaraes Silva"
"190",,,,,,,,,,,,,"20/10/2025 17:31","Marlon Sttefane Guimaraes Silva"
"126",,,,,,,,,,,,,"20/10/2025 17:31","Marlon Sttefane Guimaraes Silva"
"82","6","3",,,,"Sim","Após a morte da mãe (vítima direta), inserção de Nathan no núcleo familiar","Sim",,,,,"20/10/2025 17:31","Marlon Sttefane Guimaraes Silva"
"72",,,,,,,,,,,,,"20/10/2025 17:31","Marlon Sttefane Guimaraes Silva"
"120",,,,,,,,,,,,,"20/10/2025 17:31","Marlon Sttefane Guimaraes Silva"
"101",,,,,,,,,,,,,"20/10/2025 17:31","Marlon Sttefane Guimaraes Silva"
"315","2","0","0",,,"Sim","Sim, a vítima perdeu o contato diário com a madrinha e o padrinho, que se mudaram de cidade junto com o filho, possível violentador da vítima","Sim",,,,,"20/10/2025 17:31","Marlon Sttefane Guimaraes Silva"
"279",,,,,,,,,,,,,"20/10/2025 17:31","Marlon Sttefane Guimaraes Silva"
"176",,,,,,,,,,,,,"20/10/2025 17:31","Marlon Sttefane Guimaraes Silva"
"151",,,,,,,,,,,,,"20/10/2025 17:31","Marlon Sttefane Guimaraes Silva"
"159",,,,,,,,,,,,,"20/10/2025 17:31","Marlon Sttefane Guimaraes Silva"
"110",,,,,,,,,,,,,"20/10/2025 17:31","Marlon Sttefane Guimaraes Silva"
"145",,,,,,,,,,,,,"20/10/2025 17:31","Marlon Sttefane Guimaraes Silva"
"290",,,,,,,,,,,,,"20/10/2025 17:31","Marlon Sttefane Guimaraes Silva"
"198",,,,,,,,,,,,,"20/10/2025 17:31","Marlon Sttefane Guimaraes Silva"
"160",,,,,,,,,,,,,"20/10/2025 17:31","Marlon Sttefane Guimaraes Silva"
"149",,,,,,,,,,,,,"20/10/2025 17:31","Marlon Sttefane Guimaraes Silva"
"264",,,,,,,,,,,,,"20/10/2025 17:31","Marlon Sttefane Guimaraes Silva"
"301",,,,,,,,,,,,,"20/10/2025 17:31","Marlon Sttefane Guimaraes Silva"
"122",,,,,,,,,,,,,"20/10/2025 17:31","Marlon Sttefane Guimaraes Silva"
"195",,,,,,,,,,,,,"20/10/2025 17:31","Marlon Sttefane Guimaraes Silva"
"172",,,,,,,,,,,,,"20/10/2025 17:31","Marlon Sttefane Guimaraes Silva"
"154",,,,,,,,,,,,,"20/10/2025 17:31","Marlon Sttefane Guimaraes Silva"
"222","9","8","7",,,"Sim",,"Sim",,,,,"20/10/2025 17:31","Marlon Sttefane Guimaraes Silva"
"252",,,,,,,,,,,,,"20/10/2025 17:31","Marlon Sttefane Guimaraes Silva"
"209",,,,,,,,,,,,,"20/10/2025 17:31","Marlon Sttefane Guimaraes Silva"
"299",,,,,,,,,,,,,"20/10/2025 17:31","Marlon Sttefane Guimaraes Silva"
"309",,,,,,,,,,,,,"20/10/2025 17:32","Marlon Sttefane Guimaraes Silva"
"141",,,,,,,,,,,,,"20/10/2025 17:32","Marlon Sttefane Guimaraes Silva"
"241","2",,,,,"Não",,"Não",,"Sim","Secundária",,"20/10/2025 17:32","Marlon Sttefane Guimaraes Silva"
"291",,,,,,,,,,,,,"20/10/2025 17:32","Marlon Sttefane Guimaraes Silva"
"81",,"3",,,,,,,,,,,"20/10/2025 17:32","Marlon Sttefane Guimaraes Silva"
"131",,,,,,,,,,,,,"20/10/2025 17:32","Marlon Sttefane Guimaraes Silva"
"332",,,,,,,,,,,,,"20/10/2025 17:32","Marlon Sttefane Guimaraes Silva"
"341","8",,,,,"Sim","Enfraquecimento dos laços familiares e rompimento com alguns entes ","Sim","Se sente sozinha e sem apoio ","Sim","Terciária","Família a desincentivou a denunciar e acolhe o agressor ","20/10/2025 17:32","Marlon Sttefane Guimaraes Silva"
"167","5","4",,,,"Sim","Ian está com avó paterna em razão da mudança repentina devido a VD.","Sim",,,,,"20/10/2025 17:32","Marlon Sttefane Guimaraes Silva"
"344",,,,,,,,,,,,,"20/10/2025 17:32","Marlon Sttefane Guimaraes Silva"
"217",,,,,,,,,,,,,"20/10/2025 17:32","Marlon Sttefane Guimaraes Silva"
"343",,,,,,,,,,,,,"20/10/2025 17:32","Marlon Sttefane Guimaraes Silva"
"334","4","3","1",,,"Sim","Vítima teve que se mudar para Belo Horizonte, seu filho sentiu os impactos de mudar de cidade, teve que voltar a morar com a mãe. ",,,"Sim","Terciária",,"20/10/2025 17:32","Marlon Sttefane Guimaraes Silva"
"336","2",,,,"2","Sim","Vítima relata impactos comunitários","Sim","Vítima relata impactos comunitários","Sim","Terciária","Sentimento de humilhação no círculo social em que vivia ","20/10/2025 17:32","Marlon Sttefane Guimaraes Silva"
"328",,,,,,,,,,,,,"20/10/2025 17:32","Marlon Sttefane Guimaraes Silva"
"335","2","1","1","0",,"Sim","rompimento de laços familiares, pois autor é sobrinho da vítima","Sim","com o rompimento dos laços há menos proteção social","Sim","Secundária","ABS não é espaço seguro e sigiloso para ela","20/10/2025 17:32","Marlon Sttefane Guimaraes Silva"
"65",,,,,,,,,,,,,"20/10/2025 17:32","Marlon Sttefane Guimaraes Silva"
"186",,,,,,,,,,,,,"20/10/2025 17:32","Marlon Sttefane Guimaraes Silva"
"155",,,,,,,,,,,,,"20/10/2025 17:32","Marlon Sttefane Guimaraes Silva"
"181",,,,,,,,,,,,,"20/10/2025 17:32","Marlon Sttefane Guimaraes Silva"
"191",,,,,,,,,,,,,"20/10/2025 17:32","Marlon Sttefane Guimaraes Silva"
"150",,,,,,,,,,,,,"20/10/2025 17:32","Marlon Sttefane Guimaraes Silva"
"147",,,,,,,,,,,,,"20/10/2025 17:32","Marlon Sttefane Guimaraes Silva"
"192",,,,,,,,,,,,,"20/10/2025 17:32","Marlon Sttefane Guimaraes Silva"
"183",,,,,,,,,,,,,"20/10/2025 17:32","Marlon Sttefane Guimaraes Silva"
"106",,,,,,,,,,,,,"20/10/2025 17:32","Marlon Sttefane Guimaraes Silva"
"116",,,,,,,,,,,,,"20/10/2025 17:32","Marlon Sttefane Guimaraes Silva"
"187",,,,,,,,,,,,,"20/10/2025 17:32","Marlon Sttefane Guimaraes Silva"
"94",,,,,,,,,,,,,"20/10/2025 17:32","Marlon Sttefane Guimaraes Silva"
"254",,,,,,,,,,,,,"20/10/2025 17:32","Marlon Sttefane Guimaraes Silva"
"256",,,,,,,,,,,,,"20/10/2025 17:32","Marlon Sttefane Guimaraes Silva"
"249",,,,,,,,,,,,,"20/10/2025 17:32","Marlon Sttefane Guimaraes Silva"
"245",,,,,,,,,,,,,"20/10/2025 17:32","Marlon Sttefane Guimaraes Silva"
"226",,,,,,,,,,,,,"20/10/2025 17:32","Marlon Sttefane Guimaraes Silva"
"223",,,,,,,,,,,,,"20/10/2025 17:32","Marlon Sttefane Guimaraes Silva"
"221",,,,,,,,,,,,,"20/10/2025 17:32","Marlon Sttefane Guimaraes Silva"
"247",,,,,,,,,,,,,"20/10/2025 17:32","Marlon Sttefane Guimaraes Silva"
"214",,,,,,,,,,,,,"20/10/2025 17:32","Marlon Sttefane Guimaraes Silva"
"211",,,,,,,,,,,,,"20/10/2025 17:32","Marlon Sttefane Guimaraes Silva"
"272",,,,,,,,,,,,,"20/10/2025 17:32","Marlon Sttefane Guimaraes Silva"
"323",,,,,,,,,,,,,"20/10/2025 17:32","Marlon Sttefane Guimaraes Silva"
"205",,,,,,,,,,,,,"20/10/2025 17:32","Marlon Sttefane Guimaraes Silva"
"320",,,,,,,,,,,,,"20/10/2025 17:32","Marlon Sttefane Guimaraes Silva"
"324",,,,,,,,,,,,,"20/10/2025 17:32","Marlon Sttefane Guimaraes Silva"
"193",,,,,,,,,,,,,"20/10/2025 17:32","Marlon Sttefane Guimaraes Silva"
"295",,,,,,,,,,,,,"20/10/2025 17:32","Marlon Sttefane Guimaraes Silva"
"119",,,,,,,,,,,,,"20/10/2025 17:32","Marlon Sttefane Guimaraes Silva"
"127",,,,,,,,,,,,,"20/10/2025 17:32","Marlon Sttefane Guimaraes Silva"
"124",,,,,,,,,,,,,"20/10/2025 17:32","Marlon Sttefane Guimaraes Silva"
"121",,,,,,,,,,,,,"20/10/2025 17:32","Marlon Sttefane Guimaraes Silva"
"115",,,,,,,,,,,,,"20/10/2025 17:32","Marlon Sttefane Guimaraes Silva"
"276",,,,,,,,,,,,,"20/10/2025 17:32","Marlon Sttefane Guimaraes Silva"
"316",,,,,,,,,,,,,"20/10/2025 17:32","Marlon Sttefane Guimaraes Silva"
"174",,,,,,,,,,,,,"20/10/2025 17:32","Marlon Sttefane Guimaraes Silva"
"75",,,,,,,,,,,,,"20/10/2025 17:32","Marlon Sttefane Guimaraes Silva"
"345",,,,,,,,,,,,,"20/10/2025 17:32","Marlon Sttefane Guimaraes Silva"
"142",,,,,,,,,,,,,"20/10/2025 17:32","Marlon Sttefane Guimaraes Silva"
"280",,,,,,,,,,,,,"20/10/2025 17:32","Marlon Sttefane Guimaraes Silva"
"105",,,,,,,,,,,,,"20/10/2025 17:32","Marlon Sttefane Guimaraes Silva"
"286",,,,,,,,,,,,,"20/10/2025 17:32","Marlon Sttefane Guimaraes Silva"
"170",,,,,,,,,,,,,"20/10/2025 17:32","Marlon Sttefane Guimaraes Silva"
"388",,,,,,,,,,,,,"20/10/2025 17:32","Marlon Sttefane Guimaraes Silva"
"175",,,,,,,,,,,,,"20/10/2025 17:32","Marlon Sttefane Guimaraes Silva"
"168",,,,,,,,,,,,,"20/10/2025 17:32","Marlon Sttefane Guimaraes Silva"
"362","5","1","1",,,"Sim","Voltou a morar com os pais, com a guarda unilateral do filho","Sim","Afastamento do filho da família materna ","Não",,,"20/10/2025 17:32","Marlon Sttefane Guimaraes Silva"
"194",,,,,,,,,,,,,"20/10/2025 17:32","Marlon Sttefane Guimaraes Silva"
"178",,,,,,,,,,,,,"20/10/2025 17:32","Marlon Sttefane Guimaraes Silva"
"201",,,,,,,,,,,,,"20/10/2025 17:32","Marlon Sttefane Guimaraes Silva"
"202",,,,,,,,,,,,,"20/10/2025 17:32","Marlon Sttefane Guimaraes Silva"
"165",,,,,,,,,,,,,"20/10/2025 17:32","Marlon Sttefane Guimaraes Silva"
"152",,,,,,,,,,,,,"20/10/2025 17:32","Marlon Sttefane Guimaraes Silva"
"163",,,,,,,,,,,,,"20/10/2025 17:32","Marlon Sttefane Guimaraes Silva"
"270",,,,,,,,,,,,,"20/10/2025 17:32","Marlon Sttefane Guimaraes Silva"
"240",,,,,,,,,,,,,"20/10/2025 17:32","Marlon Sttefane Guimaraes Silva"
"185",,,,,,,,,,,,,"20/10/2025 17:32","Marlon Sttefane Guimaraes Silva"
"158",,,,,,,,,,,,,"20/10/2025 17:32","Marlon Sttefane Guimaraes Silva"
"196",,,,,,,,,,,,,"20/10/2025 17:32","Marlon Sttefane Guimaraes Silva"
"188",,,,,,,,,,,,,"20/10/2025 17:32","Marlon Sttefane Guimaraes Silva"
"204",,,,,,,,,,,,,"20/10/2025 17:32","Marlon Sttefane Guimaraes Silva"
"153",,,,,,,,,,,,,"20/10/2025 17:32","Marlon Sttefane Guimaraes Silva"
"200",,,,,,,,,,,,,"20/10/2025 17:32","Marlon Sttefane Guimaraes Silva"
"182",,,,,,,,,,,,,"20/10/2025 17:32","Marlon Sttefane Guimaraes Silva"
"203",,,,,,"Sim",,"Sim",,,,,"20/10/2025 17:32","Marlon Sttefane Guimaraes Silva"
"199",,,,,,,,"Não","Laços familiares frágeis e permeados de violência","Sim",,"Foi despedida do emprego depois de sofrer várias violências por não tomar nenhuma atitude jurídica","20/10/2025 17:32","Marlon Sttefane Guimaraes Silva"
"218",,,,,,,,,,,,,"20/10/2025 17:32","Marlon Sttefane Guimaraes Silva"
"357",,,,,,,,,,,,,"20/10/2025 17:32","Marlon Sttefane Guimaraes Silva"
"380",,,,,,,,,,,,,"20/10/2025 17:32","Marlon Sttefane Guimaraes Silva"
"349","2","0","0","0",,"Sim","isolamento social","Não",,"Sim","Terciária","estigmatização no seu antigo grupo religioso","20/10/2025 17:32","Marlon Sttefane Guimaraes Silva"
"161",,,,,,,,,,,,,"20/10/2025 17:32","Marlon Sttefane Guimaraes Silva"
"266",,,,,,,,,,,,,"20/10/2025 17:32","Marlon Sttefane Guimaraes Silva"
"311",,,,,,,,,,,,,"20/10/2025 17:32","Marlon Sttefane Guimaraes Silva"
"399",,,,,,,,,,,,,"20/10/2025 17:32","Marlon Sttefane Guimaraes Silva"
"342",,,,,,,,,,,,,"20/10/2025 17:32","Marlon Sttefane Guimaraes Silva"
"212",,,,,,,,,,,,,"20/10/2025 17:32","Marlon Sttefane Guimaraes Silva"
"244",,,,,,,,,,,,,"20/10/2025 17:32","Marlon Sttefane Guimaraes Silva"
"263","1","1","1",,"3200",,,,,,,,"20/10/2025 17:32","Marlon Sttefane Guimaraes Silva"
"228",,,,,,,,,,,,,"20/10/2025 17:32","Marlon Sttefane Guimaraes Silva"
"231",,,,,,,,,,,,,"20/10/2025 17:32","Marlon Sttefane Guimaraes Silva"
"268",,,,,,,,,,,,,"20/10/2025 17:32","Marlon Sttefane Guimaraes Silva"
"267",,,,,,,,,,,,,"20/10/2025 17:32","Marlon Sttefane Guimaraes Silva"
"246",,,,,,,,,,,,,"20/10/2025 17:32","Marlon Sttefane Guimaraes Silva"
"260",,,,,,,,,,,,,"20/10/2025 17:32","Marlon Sttefane Guimaraes Silva"
"250",,,,,,,,,,,,,"20/10/2025 17:32","Marlon Sttefane Guimaraes Silva"
"265",,,,,,,,,,,,,"20/10/2025 17:32","Marlon Sttefane Guimaraes Silva"
"376",,,,,,,,,,,,,"20/10/2025 17:32","Marlon Sttefane Guimaraes Silva"
"287",,,,,,,,,,,,,"20/10/2025 17:32","Marlon Sttefane Guimaraes Silva"
"300",,,,,,,,,,,,,"20/10/2025 17:32","Marlon Sttefane Guimaraes Silva"
"229",,,,,,,,,,,,,"20/10/2025 17:32","Marlon Sttefane Guimaraes Silva"
"257",,,,,,,,,,,,,"20/10/2025 17:32","Marlon Sttefane Guimaraes Silva"
"398",,,,,,,,,,,,,"20/10/2025 17:32","Marlon Sttefane Guimaraes Silva"
"166",,,,,,,,,,,,,"20/10/2025 17:32","Marlon Sttefane Guimaraes Silva"
"329",,,,,,,,,,,,,"20/10/2025 17:32","Marlon Sttefane Guimaraes Silva"
"337","1","6",,,,"Sim",,"Sim",,"Sim","Secundária","Nas instituições: Delegacia de desaparecido e outras instâncias jurídicas","20/10/2025 17:32","Marlon Sttefane Guimaraes Silva"
"278",,,,,,,,,,,,,"20/10/2025 17:32","Marlon Sttefane Guimaraes Silva"
"224",,,,,,,,,,,,,"20/10/2025 17:32","Marlon Sttefane Guimaraes Silva"
"304",,,,,,,,,,,,,"20/10/2025 17:32","Marlon Sttefane Guimaraes Silva"
"248",,,,,,,,,,,,,"20/10/2025 17:33","Marlon Sttefane Guimaraes Silva"
"333",,,,,,,,,,,,,"20/10/2025 17:33","Marlon Sttefane Guimaraes Silva"
"359",,,,,,,,,,,,,"20/10/2025 17:33","Marlon Sttefane Guimaraes Silva"
"283",,,,,,,,,,,,,"20/10/2025 17:33","Marlon Sttefane Guimaraes Silva"
"230","4","2","2",,,"Sim","Relata que não consegue ir aos eventos familiares como antes, pois não sente-se bem ao sair de casa.",,,"Sim","Terciária","Por parte dos colegas de trabalho, tanto a ela, quanto as outras vítimas ","20/10/2025 17:33","Marlon Sttefane Guimaraes Silva"
"325",,,,,,,,,,,,,"20/10/2025 17:33","Marlon Sttefane Guimaraes Silva"
"364",,,,,,,,,,,,,"20/10/2025 17:33","Marlon Sttefane Guimaraes Silva"
"177",,,,,,,,,,,,,"20/10/2025 17:33","Marlon Sttefane Guimaraes Silva"
"293",,,,,,,,,,,,,"20/10/2025 17:33","Marlon Sttefane Guimaraes Silva"
"317",,,,,,,,,,,,,"20/10/2025 17:33","Marlon Sttefane Guimaraes Silva"
"392",,,,,,,,,,,,,"20/10/2025 17:33","Marlon Sttefane Guimaraes Silva"
"384",,,,,,,,,,,,,"20/10/2025 17:33","Marlon Sttefane Guimaraes Silva"
"326",,,,,,,,,,,,,"20/10/2025 17:33","Marlon Sttefane Guimaraes Silva"
"370",,,,,,,,,,,,,"20/10/2025 17:33","Marlon Sttefane Guimaraes Silva"
"171",,,,,,,,,,,,,"20/10/2025 17:33","Marlon Sttefane Guimaraes Silva"
"360",,,,,,,,,,,,,"20/10/2025 17:33","Marlon Sttefane Guimaraes Silva"
"253",,,,,,,,,,,,,"20/10/2025 17:33","Marlon Sttefane Guimaraes Silva"
"234",,,,,,,,,,,,,"20/10/2025 17:33","Marlon Sttefane Guimaraes Silva"
"303",,,,,,,,,,,,,"20/10/2025 17:33","Marlon Sttefane Guimaraes Silva"
"232",,,,,,,,,,,,,"20/10/2025 17:33","Marlon Sttefane Guimaraes Silva"
"390",,,,,,,,,,,,,"20/10/2025 17:33","Marlon Sttefane Guimaraes Silva"
"238","5","1",,,,,,,,,,,"20/10/2025 17:33","Marlon Sttefane Guimaraes Silva"
"395",,,,,,,,,,,,,"20/10/2025 17:33","Marlon Sttefane Guimaraes Silva"
"305",,,,,,,,,,,,,"20/10/2025 17:33","Marlon Sttefane Guimaraes Silva"
"371",,,,,,,,,,,,,"20/10/2025 17:33","Marlon Sttefane Guimaraes Silva"
"350","0","0","0","0","4","Não",,"Sim","poucos vínculos familiares ","Não",,,"20/10/2025 17:33","Marlon Sttefane Guimaraes Silva"
"210",,,,,,,,,,,,,"20/10/2025 17:33","Marlon Sttefane Guimaraes Silva"
"321",,,,,,,,,,,,,"20/10/2025 17:33","Marlon Sttefane Guimaraes Silva"
"302",,,,,,,,,,,,,"20/10/2025 17:33","Marlon Sttefane Guimaraes Silva"
"381",,,,,,,,,,,,,"20/10/2025 17:33","Marlon Sttefane Guimaraes Silva"
"308",,,,,,,,,,,,,"20/10/2025 17:33","Marlon Sttefane Guimaraes Silva"
"307",,,,,,,,,,,,,"20/10/2025 17:33","Marlon Sttefane Guimaraes Silva"
"354",,,,,,,,,,,,,"20/10/2025 17:33","Marlon Sttefane Guimaraes Silva"
"338","4","2","2",,,,,,,,,,"20/10/2025 17:33","Marlon Sttefane Guimaraes Silva"
"385",,,,,,,,,,,,,"20/10/2025 17:33","Marlon Sttefane Guimaraes Silva"
"322",,,,,,,,,,,,,"20/10/2025 17:33","Marlon Sttefane Guimaraes Silva"
"397",,,,,,,,,,,,,"20/10/2025 17:33","Marlon Sttefane Guimaraes Silva"
"386",,,,,,,,,,,,,"20/10/2025 17:33","Marlon Sttefane Guimaraes Silva"
"374",,,,,,,,,,,,,"20/10/2025 17:33","Marlon Sttefane Guimaraes Silva"
"275",,,,,,,,,,,,,"20/10/2025 17:33","Marlon Sttefane Guimaraes Silva"
"225",,,,,,,,,,,,,"20/10/2025 17:33","Marlon Sttefane Guimaraes Silva"
"243",,,,,,,,,,,,,"20/10/2025 17:33","Marlon Sttefane Guimaraes Silva"
"383",,,,,,,,,,,,,"20/10/2025 17:33","Marlon Sttefane Guimaraes Silva"
"348","4","0","0","0",,"Não",,"Não",,"Sim","Terciária","estigmatização","20/10/2025 17:33","Marlon Sttefane Guimaraes Silva"
"313",,,,,,,,,,,,,"20/10/2025 17:33","Marlon Sttefane Guimaraes Silva"
"330",,,,,,,,,,,,,"20/10/2025 17:33","Marlon Sttefane Guimaraes Silva"
"294",,,,,,,,,,,,,"20/10/2025 17:33","Marlon Sttefane Guimaraes Silva"
"331",,,,,,,,,,,,,"20/10/2025 17:33","Marlon Sttefane Guimaraes Silva"
"365","4","3","2",,,"Sim",,"Não",,"Não",,,"20/10/2025 17:33","Marlon Sttefane Guimaraes Silva"
"393",,,,,,,,,,,,,"20/10/2025 17:33","Marlon Sttefane Guimaraes Silva"
"351","4","3","3","0",,"Sim","isolamento","Sim","vínculos frágeis","Sim","Terciária","estigmatização","20/10/2025 17:33","Marlon Sttefane Guimaraes Silva"
"361",,,,,,,,,,,,,"20/10/2025 17:33","Marlon Sttefane Guimaraes Silva"
"394",,,,,,,,,,,,,"20/10/2025 17:33","Marlon Sttefane Guimaraes Silva"
"262",,,,,,,,,,,,,"20/10/2025 17:33","Marlon Sttefane Guimaraes Silva"
"327",,,,,,,,,,,,,"20/10/2025 17:33","Marlon Sttefane Guimaraes Silva"
"215",,,,,,,,,,,,,"20/10/2025 17:33","Marlon Sttefane Guimaraes Silva"
"281",,,,,,,,,,,,,"20/10/2025 17:33","Marlon Sttefane Guimaraes Silva"
"352",,,,,,,,,,,,,"20/10/2025 17:33","Marlon Sttefane Guimaraes Silva"
"239",,,,,,,,,,,,,"20/10/2025 17:33","Marlon Sttefane Guimaraes Silva"
"310",,,,,,,,,,,,,"20/10/2025 17:33","Marlon Sttefane Guimaraes Silva"
"375",,,,,,,,,,,,,"20/10/2025 17:33","Marlon Sttefane Guimaraes Silva"
"220",,,,,,,,,,,,,"20/10/2025 17:33","Marlon Sttefane Guimaraes Silva"
"157",,,,,,,,,,,,,"20/10/2025 17:33","Marlon Sttefane Guimaraes Silva"
"216",,,,,,,,,,,,,"20/10/2025 17:33","Marlon Sttefane Guimaraes Silva"
"285",,,,,,,,,,,,,"20/10/2025 17:33","Marlon Sttefane Guimaraes Silva"
"353",,,,,,,,,,,,,"20/10/2025 17:33","Marlon Sttefane Guimaraes Silva"
"227",,,,,,,,,,,,,"20/10/2025 17:33","Marlon Sttefane Guimaraes Silva"
"356",,,,,,,,,,,,,"20/10/2025 17:33","Marlon Sttefane Guimaraes Silva"
"296",,,,,,,,,,,,,"20/10/2025 17:33","Marlon Sttefane Guimaraes Silva"
"207",,,,,,,,,,,,,"20/10/2025 17:33","Marlon Sttefane Guimaraes Silva"
"273",,,,,,,,,,,,,"20/10/2025 17:33","Marlon Sttefane Guimaraes Silva"
"346",,,,,,,,,,,,,"20/10/2025 17:33","Marlon Sttefane Guimaraes Silva"
"400",,,,,,,,,,,,,"20/10/2025 17:33","Marlon Sttefane Guimaraes Silva"
"233",,,,,,,,,,,,,"20/10/2025 17:33","Marlon Sttefane Guimaraes Silva"
"306",,,,,,,,,,,,,"20/10/2025 17:33","Marlon Sttefane Guimaraes Silva"
"372",,,,,,,,,,,,,"20/10/2025 17:33","Marlon Sttefane Guimaraes Silva"
"387",,,,,,,,,,,,,"20/10/2025 17:33","Marlon Sttefane Guimaraes Silva"
"312",,,,,,,,,,,,,"20/10/2025 17:33","Marlon Sttefane Guimaraes Silva"
"377",,,,,,,,,,,,,"20/10/2025 17:33","Marlon Sttefane Guimaraes Silva"
"355",,,,,,,,,,,,,"20/10/2025 17:33","Marlon Sttefane Guimaraes Silva"
"208",,,,,,,,,,,,,"20/10/2025 17:33","Marlon Sttefane Guimaraes Silva"
"242",,,,,,,,,,,,,"20/10/2025 17:33","Marlon Sttefane Guimaraes Silva"
"314","3","4","2","0",,"Sim","saiu de casa e mora com filho de 26 atualmente","Sim","agressor faz violência moral com ela (calúnia e difamação) de forma a fragilizar vínculos comunitários e em sua igreja","Sim","Secundária","PM e PC informam que não é necessário que ela responda ao FONAR de forma que não consta em seu BO","20/10/2025 17:33","Marlon Sttefane Guimaraes Silva"
"274",,,,,,,,,,,,,"20/10/2025 17:33","Marlon Sttefane Guimaraes Silva"
"347","3","0","0","0",,"Sim","ficou muito ausente dos contatos familiares e com amizades","Não",,"Não",,,"20/10/2025 17:33","Marlon Sttefane Guimaraes Silva"
"173",,,,,,,,,,,,,"20/10/2025 17:33","Marlon Sttefane Guimaraes Silva"
"401",,,,,,,,,,,,,"20/10/2025 17:33","Marlon Sttefane Guimaraes Silva"
"402",,,,,,,,,,,,,"20/10/2025 17:33","Marlon Sttefane Guimaraes Silva"
"403",,,,,,,,,,,,,"20/10/2025 17:33","Marlon Sttefane Guimaraes Silva"
"405",,,,,,,,,,,,,"20/10/2025 17:33","Marlon Sttefane Guimaraes Silva"
"406",,,,,,,,,,,,,"20/10/2025 17:33","Marlon Sttefane Guimaraes Silva"
"407",,,,,,,,,,,,,"20/10/2025 17:33","Marlon Sttefane Guimaraes Silva"
"408",,,,,,,,,,,,,"20/10/2025 17:33","Marlon Sttefane Guimaraes Silva"
"410",,,,,,,,,,,,,"20/10/2025 17:33","Marlon Sttefane Guimaraes Silva"
"413",,,,,,,,,,,,,"20/10/2025 17:33","Marlon Sttefane Guimaraes Silva"
"436",,,,,,,,,,,,"Falta de informação","24/10/2025 16:16","Gabriela Dantas Rubal"
"434","3","0","0","0",,"Sim",,,,"Sim","Secundária",,"24/10/2025 17:00","Layla Andrade Barros Moreira"
"417",,,,,,,,,,,,,"28/10/2025 18:10","Layla Andrade Barros Moreira"
"419",,"3","2",,,"Sim","Teve que sair de casa e morar com a mãe temporariamente, pois o marido é o agressor (e está preso)","Sim","Teve que sair de casa e morar com a mãe temporariamente, pois o marido é o agressor (e está preso)",,,,"29/10/2025 13:28","Gabriela Dantas Rubal"
"440",,,,,,,,,,,,,"29/10/2025 15:51","Gabriela Dantas Rubal"
"77",,,,,,,,,,,,,"30/10/2025 18:08","Marlon Sttefane Guimaraes Silva"
"77",,,,,,,,,,,,,"30/10/2025 18:14","Marlon Sttefane Guimaraes Silva"
"450","5","0","0","0",,,,,,,,,"31/10/2025 15:44","Layla Andrade Barros Moreira"
"422",,,,,,,,,,,,,"05/11/2025 13:17","Nathani Rodrigues Lourenco Marcolino"
"441",,,,,,,,,,,,,"06/11/2025 16:06","Layla Andrade Barros Moreira"
"447","1","0","0",,,,,,,,,,"07/11/2025 14:40","Layla Andrade Barros Moreira"
"451","4","3","3","0",,,,,,,,,"07/11/2025 16:34","Layla Andrade Barros Moreira"
"448","4","2","2",,,"Sim","Perdeu a irmã, que era muito próxima",,,,,,"14/11/2025 16:09","Marlon Sttefane Guimaraes Silva"
"455","2","0","0","0",,"Sim","A vítima procurou atendimento após sofrer pressão familiar ante a condenação do réu.","Sim","Segundo relatado, a família isolou a vítima, que só conta com o apoio da mãe e do primo. ","Sim","Terciária","A família da vítima a responsabiliza pela condenação do réu. Um dos tios chegou a pressionar a mãe da vítima para que a denúncia fosse retirada, o que a vítima compreende ser impossível.","24/11/2025 16:39","Layla Andrade Barros Moreira"
